Date,Party,LOWESS,Kalman,Rolling_21d
2024-07-04,Con,23.19,23.97,nan
2024-07-04,Grn,7.43,7.58,nan
2024-07-04,LD,12.19,12.18,nan
2024-07-04,Lab,34.60,34.71,nan
2024-07-04,Others,4.01,4.70,nan
2024-07-04,PC,0.69,0.70,nan
2024-07-04,Ref,15.65,14.73,nan
2024-07-04,SNP,2.26,2.50,nan
2024-07-05,Con,,23.53,
2024-07-05,Grn,,7.63,
2024-07-05,LD,,12.10,
2024-07-05,Lab,,35.03,
2024-07-05,Others,,4.54,
2024-07-05,PC,,0.71,
2024-07-05,Ref,,14.81,
2024-07-05,SNP,,2.46,
2024-07-06,Con,23.23,23.04,
2024-07-06,Grn,7.44,7.72,
2024-07-06,LD,12.19,11.97,
2024-07-06,Lab,34.50,35.50,
2024-07-06,Others,3.99,4.34,
2024-07-06,PC,0.69,0.73,
2024-07-06,Ref,15.71,14.94,
2024-07-06,SNP,2.27,2.40,
2024-07-07,Con,,22.53,
2024-07-07,Grn,,7.83,
2024-07-07,LD,,11.83,
2024-07-07,Lab,,36.04,
2024-07-07,Others,,4.12,
2024-07-07,PC,,0.74,
2024-07-07,Ref,,15.10,
2024-07-07,SNP,,2.34,
2024-07-08,Con,23.28,22.03,
2024-07-08,Grn,7.44,7.95,
2024-07-08,LD,12.20,11.67,
2024-07-08,Lab,34.39,36.60,
2024-07-08,Others,3.98,3.90,
2024-07-08,PC,0.69,0.75,
2024-07-08,Ref,15.78,15.26,
2024-07-08,SNP,2.27,2.27,
2024-07-09,Con,,21.52,
2024-07-09,Grn,,8.07,
2024-07-09,LD,,11.52,
2024-07-09,Lab,,37.16,
2024-07-09,Others,,3.68,
2024-07-09,PC,,0.77,
2024-07-09,Ref,,15.43,
2024-07-09,SNP,,2.21,
2024-07-10,Con,23.32,21.01,
2024-07-10,Grn,7.45,8.18,
2024-07-10,LD,12.20,11.36,
2024-07-10,Lab,34.29,37.71,
2024-07-10,Others,3.96,3.46,
2024-07-10,PC,0.69,0.78,
2024-07-10,Ref,15.84,15.60,
2024-07-10,SNP,2.28,2.14,
2024-07-11,Con,,20.52,
2024-07-11,Grn,,8.28,
2024-07-11,LD,,11.22,
2024-07-11,Lab,,38.19,
2024-07-11,Others,,3.26,
2024-07-11,PC,,0.80,
2024-07-11,Ref,,15.77,
2024-07-11,SNP,,2.08,
2024-07-12,Con,23.36,20.09,nan
2024-07-12,Grn,7.45,8.34,nan
2024-07-12,LD,12.21,11.11,nan
2024-07-12,Lab,34.18,38.53,nan
2024-07-12,Others,3.94,3.10,nan
2024-07-12,PC,0.70,0.81,
2024-07-12,Ref,15.91,15.91,nan
2024-07-12,SNP,2.28,2.04,nan
2024-07-13,Con,,20.16,
2024-07-13,Grn,,8.36,
2024-07-13,LD,,11.06,
2024-07-13,Lab,,38.57,
2024-07-13,Others,,3.10,
2024-07-13,PC,,0.82,
2024-07-13,Ref,,16.02,
2024-07-13,SNP,,2.02,
2024-07-14,Con,23.41,20.29,
2024-07-14,Grn,7.45,8.34,
2024-07-14,LD,12.21,11.03,
2024-07-14,Lab,34.08,38.47,
2024-07-14,Others,3.93,3.15,
2024-07-14,PC,0.70,0.84,
2024-07-14,Ref,15.97,16.12,
2024-07-14,SNP,2.28,2.01,
2024-07-15,Con,,20.43,
2024-07-15,Grn,,8.30,
2024-07-15,LD,,11.01,
2024-07-15,Lab,,38.31,
2024-07-15,Others,,3.22,
2024-07-15,PC,,0.85,
2024-07-15,Ref,,16.20,
2024-07-15,SNP,,2.00,
2024-07-16,Con,23.45,20.57,
2024-07-16,Grn,7.46,8.24,
2024-07-16,LD,12.22,11.01,
2024-07-16,Lab,33.97,38.12,
2024-07-16,Others,3.91,3.29,
2024-07-16,PC,0.70,0.86,
2024-07-16,Ref,16.04,16.28,
2024-07-16,SNP,2.29,2.00,
2024-07-17,Con,,20.71,
2024-07-17,Grn,,8.16,
2024-07-17,LD,,11.00,
2024-07-17,Lab,,37.92,
2024-07-17,Others,,3.36,
2024-07-17,PC,,0.88,
2024-07-17,Ref,,16.35,
2024-07-17,SNP,,2.00,
2024-07-18,Con,23.49,20.86,
2024-07-18,Grn,7.46,8.08,
2024-07-18,LD,12.22,11.00,
2024-07-18,Lab,33.87,37.71,
2024-07-18,Others,3.90,3.43,
2024-07-18,PC,0.70,0.89,
2024-07-18,Ref,16.11,16.42,
2024-07-18,SNP,2.29,2.00,
2024-07-19,Con,,21.00,
2024-07-19,Grn,,7.99,
2024-07-19,LD,,11.00,
2024-07-19,Lab,,37.50,
2024-07-19,Others,,3.50,
2024-07-19,PC,,0.90,
2024-07-19,Ref,,16.50,
2024-07-19,SNP,,2.00,
2024-07-20,Con,,21.14,
2024-07-20,Grn,,7.90,
2024-07-20,LD,,11.00,
2024-07-20,Lab,,37.28,
2024-07-20,Others,,3.57,
2024-07-20,PC,,0.92,
2024-07-20,Ref,,16.57,
2024-07-20,SNP,,2.00,
2024-07-21,Con,23.53,21.29,
2024-07-21,Grn,7.47,7.81,
2024-07-21,LD,12.22,11.00,
2024-07-21,Lab,33.76,37.07,
2024-07-21,Others,3.88,3.64,
2024-07-21,PC,0.71,0.93,
2024-07-21,Ref,16.17,16.64,
2024-07-21,SNP,2.30,2.00,
2024-07-22,Con,,21.43,
2024-07-22,Grn,,7.73,
2024-07-22,LD,,11.00,
2024-07-22,Lab,,36.85,
2024-07-22,Others,,3.72,
2024-07-22,PC,,0.95,
2024-07-22,Ref,,16.70,
2024-07-22,SNP,,2.00,
2024-07-23,Con,23.58,21.57,
2024-07-23,Grn,7.47,7.66,
2024-07-23,LD,12.23,11.00,
2024-07-23,Lab,33.66,36.63,
2024-07-23,Others,3.87,3.79,
2024-07-23,PC,0.71,0.96,
2024-07-23,Ref,16.24,16.76,
2024-07-23,SNP,2.30,2.00,
2024-07-24,Con,,21.71,
2024-07-24,Grn,,7.61,
2024-07-24,LD,,11.00,
2024-07-24,Lab,,36.41,
2024-07-24,Others,,3.87,
2024-07-24,PC,,0.97,
2024-07-24,Ref,,16.82,
2024-07-24,SNP,,2.00,
2024-07-25,Con,23.62,21.85,
2024-07-25,Grn,7.48,7.57,
2024-07-25,LD,12.23,11.00,
2024-07-25,Lab,33.56,36.16,
2024-07-25,Others,3.85,3.95,
2024-07-25,PC,0.71,0.99,
2024-07-25,Ref,16.30,16.86,
2024-07-25,SNP,2.31,2.00,
2024-07-26,Con,,21.97,nan
2024-07-26,Grn,,7.57,nan
2024-07-26,LD,,11.00,nan
2024-07-26,Lab,,35.89,nan
2024-07-26,Others,,4.08,nan
2024-07-26,PC,,1.00,nan
2024-07-26,Ref,,16.87,nan
2024-07-26,SNP,,2.00,nan
2024-07-27,Con,23.66,21.90,
2024-07-27,Grn,7.48,7.61,
2024-07-27,LD,12.23,11.00,
2024-07-27,Lab,33.45,35.55,
2024-07-27,Others,3.83,4.33,
2024-07-27,PC,0.71,1.00,
2024-07-27,Ref,16.37,16.83,
2024-07-27,SNP,2.31,2.00,
2024-07-28,Con,,21.80,
2024-07-28,Grn,,7.68,
2024-07-28,LD,,11.00,
2024-07-28,Lab,,35.18,
2024-07-28,Others,,4.61,
2024-07-28,PC,,1.00,
2024-07-28,Ref,,16.77,
2024-07-28,SNP,,2.00,
2024-07-29,Con,23.70,21.70,
2024-07-29,Grn,7.49,7.76,
2024-07-29,LD,12.24,11.00,
2024-07-29,Lab,33.35,34.79,
2024-07-29,Others,3.82,4.90,
2024-07-29,PC,0.71,1.00,
2024-07-29,Ref,16.44,16.69,
2024-07-29,SNP,2.31,2.00,
2024-07-30,Con,,21.60,
2024-07-30,Grn,,7.86,
2024-07-30,LD,,11.00,
2024-07-30,Lab,,34.40,
2024-07-30,Others,,5.20,
2024-07-30,PC,,1.00,
2024-07-30,Ref,,16.61,
2024-07-30,SNP,,2.00,
2024-07-31,Con,23.74,21.50,
2024-07-31,Grn,7.49,7.96,
2024-07-31,LD,12.24,11.01,
2024-07-31,Lab,33.25,34.01,
2024-07-31,Others,3.80,5.50,
2024-07-31,PC,0.72,1.00,
2024-07-31,Ref,16.50,16.54,
2024-07-31,SNP,2.32,2.00,
2024-08-01,Con,,21.40,
2024-08-01,Grn,,8.06,
2024-08-01,LD,,11.01,
2024-08-01,Lab,,33.62,
2024-08-01,Others,,5.79,
2024-08-01,PC,,1.00,
2024-08-01,Ref,,16.48,
2024-08-01,SNP,,2.00,
2024-08-02,Con,23.78,21.30,
2024-08-02,Grn,7.50,8.15,
2024-08-02,LD,12.24,11.02,
2024-08-02,Lab,33.15,33.24,
2024-08-02,Others,3.79,6.07,
2024-08-02,PC,0.72,1.00,
2024-08-02,Ref,16.57,16.46,
2024-08-02,SNP,2.32,2.00,
2024-08-03,Con,,21.20,
2024-08-03,Grn,,8.23,
2024-08-03,LD,,11.04,
2024-08-03,Lab,,32.90,
2024-08-03,Others,,6.32,
2024-08-03,PC,,1.00,
2024-08-03,Ref,,16.48,
2024-08-03,SNP,,2.01,
2024-08-04,Con,23.82,21.13,
2024-08-04,Grn,7.50,8.27,
2024-08-04,LD,12.25,11.09,
2024-08-04,Lab,33.04,32.61,
2024-08-04,Others,3.77,6.43,
2024-08-04,PC,0.72,1.00,
2024-08-04,Ref,16.64,16.62,
2024-08-04,SNP,2.33,2.02,
2024-08-05,Con,,21.22,nan
2024-08-05,Grn,,8.29,nan
2024-08-05,LD,,11.17,nan
2024-08-05,Lab,,32.45,nan
2024-08-05,Others,,6.16,nan
2024-08-05,PC,,0.95,nan
2024-08-05,Ref,,16.94,nan
2024-08-05,SNP,,2.06,nan
2024-08-06,Con,,22.43,
2024-08-06,Grn,,8.25,
2024-08-06,LD,,11.34,
2024-08-06,Lab,,32.59,
2024-08-06,Others,,4.61,
2024-08-06,PC,,0.51,
2024-08-06,Ref,,17.61,
2024-08-06,SNP,,2.13,
2024-08-07,Con,23.85,23.30,nan
2024-08-07,Grn,7.51,8.19,nan
2024-08-07,LD,12.25,11.43,nan
2024-08-07,Lab,32.94,32.78,nan
2024-08-07,Others,3.76,3.24,nan
2024-08-07,PC,0.72,0.14,nan
2024-08-07,Ref,16.71,18.50,nan
2024-08-07,SNP,2.33,2.30,nan
2024-08-08,Con,,20.50,nan
2024-08-08,Grn,,8.15,nan
2024-08-08,LD,,11.24,nan
2024-08-08,Lab,,32.83,nan
2024-08-08,Others,,3.73,nan
2024-08-08,PC,,0.91,nan
2024-08-08,Ref,,19.57,nan
2024-08-08,SNP,,2.70,nan
2024-08-09,Con,23.89,20.36,
2024-08-09,Grn,7.52,8.11,
2024-08-09,LD,12.25,11.17,
2024-08-09,Lab,32.84,32.78,
2024-08-09,Others,3.74,3.82,
2024-08-09,PC,0.73,0.99,
2024-08-09,Ref,16.77,20.12,
2024-08-09,SNP,2.34,2.87,
2024-08-10,Con,,20.58,
2024-08-10,Grn,,8.09,
2024-08-10,LD,,11.16,
2024-08-10,Lab,,32.68,
2024-08-10,Others,,3.78,
2024-08-10,PC,,1.00,
2024-08-10,Ref,,20.37,
2024-08-10,SNP,,2.94,
2024-08-11,Con,23.93,20.86,
2024-08-11,Grn,7.52,8.07,
2024-08-11,LD,12.25,11.17,
2024-08-11,Lab,32.74,32.56,
2024-08-11,Others,3.73,3.71,
2024-08-11,PC,0.73,1.00,
2024-08-11,Ref,16.84,20.47,
2024-08-11,SNP,2.34,2.98,
2024-08-12,Con,,21.14,
2024-08-12,Grn,,8.05,
2024-08-12,LD,,11.21,
2024-08-12,Lab,,32.42,
2024-08-12,Others,,3.62,
2024-08-12,PC,,1.00,
2024-08-12,Ref,,20.49,
2024-08-12,SNP,,2.99,
2024-08-13,Con,23.97,21.43,
2024-08-13,Grn,7.53,8.04,
2024-08-13,LD,12.26,11.25,
2024-08-13,Lab,32.64,32.28,
2024-08-13,Others,3.71,3.52,
2024-08-13,PC,0.73,1.00,
2024-08-13,Ref,16.91,20.45,
2024-08-13,SNP,2.35,3.00,
2024-08-14,Con,,21.71,
2024-08-14,Grn,,8.03,
2024-08-14,LD,,11.29,
2024-08-14,Lab,,32.14,
2024-08-14,Others,,3.43,
2024-08-14,PC,,1.00,
2024-08-14,Ref,,20.39,
2024-08-14,SNP,,3.00,
2024-08-15,Con,24.00,22.00,
2024-08-15,Grn,7.53,8.02,
2024-08-15,LD,12.26,11.34,
2024-08-15,Lab,32.54,32.00,
2024-08-15,Others,3.69,3.33,
2024-08-15,PC,0.73,1.00,
2024-08-15,Ref,16.98,20.31,
2024-08-15,SNP,2.35,3.00,
2024-08-16,Con,,22.29,
2024-08-16,Grn,,8.02,
2024-08-16,LD,,11.38,
2024-08-16,Lab,,31.86,
2024-08-16,Others,,3.24,
2024-08-16,PC,,1.00,
2024-08-16,Ref,,20.23,
2024-08-16,SNP,,3.00,
2024-08-17,Con,24.04,22.57,
2024-08-17,Grn,7.54,8.01,
2024-08-17,LD,12.26,11.43,
2024-08-17,Lab,32.44,31.71,
2024-08-17,Others,3.68,3.14,
2024-08-17,PC,0.74,1.00,
2024-08-17,Ref,17.05,20.14,
2024-08-17,SNP,2.36,3.00,
2024-08-18,Con,,22.86,
2024-08-18,Grn,,8.01,
2024-08-18,LD,,11.48,
2024-08-18,Lab,,31.57,
2024-08-18,Others,,3.05,
2024-08-18,PC,,1.00,
2024-08-18,Ref,,20.04,
2024-08-18,SNP,,3.00,
2024-08-19,Con,24.07,23.14,
2024-08-19,Grn,7.55,8.01,
2024-08-19,LD,12.26,11.52,
2024-08-19,Lab,32.33,31.43,
2024-08-19,Others,3.66,2.95,
2024-08-19,PC,0.74,1.00,
2024-08-19,Ref,17.12,19.95,
2024-08-19,SNP,2.36,3.00,
2024-08-20,Con,,23.43,
2024-08-20,Grn,,8.01,
2024-08-20,LD,,11.57,
2024-08-20,Lab,,31.29,
2024-08-20,Others,,2.86,
2024-08-20,PC,,1.00,
2024-08-20,Ref,,19.86,
2024-08-20,SNP,,3.00,
2024-08-21,Con,,23.71,
2024-08-21,Grn,,8.00,
2024-08-21,LD,,11.62,
2024-08-21,Lab,,31.14,
2024-08-21,Others,,2.76,
2024-08-21,PC,,1.00,
2024-08-21,Ref,,19.76,
2024-08-21,SNP,,3.00,
2024-08-22,Con,24.11,24.00,
2024-08-22,Grn,7.55,8.00,
2024-08-22,LD,12.26,11.67,
2024-08-22,Lab,32.23,31.00,
2024-08-22,Others,3.65,2.67,
2024-08-22,PC,0.74,1.00,
2024-08-22,Ref,17.19,19.67,
2024-08-22,SNP,2.36,3.00,
2024-08-23,Con,,24.29,
2024-08-23,Grn,,8.00,
2024-08-23,LD,,11.72,
2024-08-23,Lab,,30.86,
2024-08-23,Others,,2.57,
2024-08-23,PC,,1.00,
2024-08-23,Ref,,19.57,
2024-08-23,SNP,,3.00,
2024-08-24,Con,24.14,24.57,
2024-08-24,Grn,7.56,8.00,
2024-08-24,LD,12.26,11.76,
2024-08-24,Lab,32.13,30.72,
2024-08-24,Others,3.63,2.48,
2024-08-24,PC,0.74,1.00,
2024-08-24,Ref,17.26,19.48,
2024-08-24,SNP,2.37,3.00,
2024-08-25,Con,,24.86,
2024-08-25,Grn,,8.00,
2024-08-25,LD,,11.81,
2024-08-25,Lab,,30.57,
2024-08-25,Others,,2.38,
2024-08-25,PC,,1.00,
2024-08-25,Ref,,19.38,
2024-08-25,SNP,,3.00,
2024-08-26,Con,24.18,25.14,
2024-08-26,Grn,7.57,8.00,
2024-08-26,LD,12.26,11.87,
2024-08-26,Lab,32.03,30.43,
2024-08-26,Others,3.62,2.29,
2024-08-26,PC,0.75,1.00,
2024-08-26,Ref,17.33,19.29,
2024-08-26,SNP,2.37,3.00,
2024-08-27,Con,,25.43,
2024-08-27,Grn,,8.00,
2024-08-27,LD,,11.92,
2024-08-27,Lab,,30.29,
2024-08-27,Others,,2.20,
2024-08-27,PC,,1.00,
2024-08-27,Ref,,19.20,
2024-08-27,SNP,,3.00,
2024-08-28,Con,24.21,25.71,
2024-08-28,Grn,7.57,8.00,
2024-08-28,LD,12.27,11.98,
2024-08-28,Lab,31.93,30.16,
2024-08-28,Others,3.60,2.12,
2024-08-28,PC,0.75,1.00,
2024-08-28,Ref,17.40,19.11,
2024-08-28,SNP,2.38,3.00,
2024-08-29,Con,,25.95,nan
2024-08-29,Grn,,8.00,nan
2024-08-29,LD,,12.06,nan
2024-08-29,Lab,,30.04,nan
2024-08-29,Others,,2.08,nan
2024-08-29,PC,,1.00,nan
2024-08-29,Ref,,19.02,nan
2024-08-29,SNP,,3.00,nan
2024-08-30,Con,24.25,25.92,
2024-08-30,Grn,7.58,7.99,
2024-08-30,LD,12.27,12.18,
2024-08-30,Lab,31.83,29.95,
2024-08-30,Others,3.59,2.17,
2024-08-30,PC,0.75,1.00,
2024-08-30,Ref,17.47,18.94,
2024-08-30,SNP,2.38,3.00,
2024-08-31,Con,,25.86,
2024-08-31,Grn,,7.99,
2024-08-31,LD,,12.30,
2024-08-31,Lab,,29.87,
2024-08-31,Others,,2.29,
2024-08-31,PC,,1.00,
2024-08-31,Ref,,18.86,
2024-08-31,SNP,,3.00,
2024-09-01,Con,24.28,25.79,
2024-09-01,Grn,7.59,7.99,
2024-09-01,LD,12.27,12.44,
2024-09-01,Lab,31.73,29.79,
2024-09-01,Others,3.57,2.43,
2024-09-01,PC,0.75,1.00,
2024-09-01,Ref,17.54,18.79,
2024-09-01,SNP,2.39,3.00,
2024-09-02,Con,,25.71,
2024-09-02,Grn,,7.98,
2024-09-02,LD,,12.58,
2024-09-02,Lab,,29.72,
2024-09-02,Others,,2.57,
2024-09-02,PC,,1.00,
2024-09-02,Ref,,18.72,
2024-09-02,SNP,,3.00,
2024-09-03,Con,24.31,25.64,
2024-09-03,Grn,7.59,7.98,
2024-09-03,LD,12.27,12.72,
2024-09-03,Lab,31.63,29.64,
2024-09-03,Others,3.55,2.71,
2024-09-03,PC,0.75,1.00,
2024-09-03,Ref,17.61,18.64,
2024-09-03,SNP,2.39,3.00,
2024-09-04,Con,,25.57,
2024-09-04,Grn,,7.97,
2024-09-04,LD,,12.86,
2024-09-04,Lab,,29.57,
2024-09-04,Others,,2.86,
2024-09-04,PC,,1.00,
2024-09-04,Ref,,18.57,
2024-09-04,SNP,,3.00,
2024-09-05,Con,24.35,25.50,
2024-09-05,Grn,7.60,7.97,
2024-09-05,LD,12.27,13.00,
2024-09-05,Lab,31.53,29.50,
2024-09-05,Others,3.54,3.00,
2024-09-05,PC,0.76,1.00,
2024-09-05,Ref,17.68,18.50,
2024-09-05,SNP,2.40,3.00,
2024-09-06,Con,,25.43,
2024-09-06,Grn,,7.96,
2024-09-06,LD,,13.14,
2024-09-06,Lab,,29.43,
2024-09-06,Others,,3.14,
2024-09-06,PC,,1.00,
2024-09-06,Ref,,18.43,
2024-09-06,SNP,,3.00,
2024-09-07,Con,,25.36,
2024-09-07,Grn,,7.94,
2024-09-07,LD,,13.28,
2024-09-07,Lab,,29.36,
2024-09-07,Others,,3.29,
2024-09-07,PC,,1.00,
2024-09-07,Ref,,18.36,
2024-09-07,SNP,,3.00,
2024-09-08,Con,24.38,25.29,
2024-09-08,Grn,7.61,7.92,
2024-09-08,LD,12.27,13.42,
2024-09-08,Lab,31.43,29.30,
2024-09-08,Others,3.52,3.43,
2024-09-08,PC,0.76,1.00,
2024-09-08,Ref,17.76,18.29,
2024-09-08,SNP,2.40,3.00,
2024-09-09,Con,,25.21,
2024-09-09,Grn,,7.90,
2024-09-09,LD,,13.55,
2024-09-09,Lab,,29.25,
2024-09-09,Others,,3.57,
2024-09-09,PC,,1.00,
2024-09-09,Ref,,18.22,
2024-09-09,SNP,,2.99,
2024-09-10,Con,24.41,25.14,
2024-09-10,Grn,7.61,7.87,
2024-09-10,LD,12.27,13.67,
2024-09-10,Lab,31.33,29.22,
2024-09-10,Others,3.51,3.72,
2024-09-10,PC,0.76,1.00,
2024-09-10,Ref,17.83,18.16,
2024-09-10,SNP,2.41,2.99,
2024-09-11,Con,,25.06,
2024-09-11,Grn,,7.83,
2024-09-11,LD,,13.76,
2024-09-11,Lab,,29.24,
2024-09-11,Others,,3.87,
2024-09-11,PC,,1.00,
2024-09-11,Ref,,18.10,
2024-09-11,SNP,,2.97,
2024-09-12,Con,24.44,24.93,nan
2024-09-12,Grn,7.62,7.78,nan
2024-09-12,LD,12.27,13.81,nan
2024-09-12,Lab,31.23,29.37,nan
2024-09-12,Others,3.49,4.05,nan
2024-09-12,PC,0.76,1.00,nan
2024-09-12,Ref,17.90,18.05,nan
2024-09-12,SNP,2.41,2.92,nan
2024-09-13,Con,,24.42,
2024-09-13,Grn,,7.72,
2024-09-13,LD,,13.76,
2024-09-13,Lab,,29.74,
2024-09-13,Others,,4.30,
2024-09-13,PC,,1.00,
2024-09-13,Ref,,18.03,
2024-09-13,SNP,,2.83,
2024-09-14,Con,24.48,23.86,
2024-09-14,Grn,7.63,7.64,
2024-09-14,LD,12.28,13.67,
2024-09-14,Lab,31.12,30.21,
2024-09-14,Others,3.47,4.57,
2024-09-14,PC,0.77,1.00,
2024-09-14,Ref,17.97,18.01,
2024-09-14,SNP,2.42,2.70,
2024-09-15,Con,,23.29,
2024-09-15,Grn,,7.56,
2024-09-15,LD,,13.55,
2024-09-15,Lab,,30.72,
2024-09-15,Others,,4.85,
2024-09-15,PC,,1.00,
2024-09-15,Ref,,18.00,
2024-09-15,SNP,,2.57,
2024-09-16,Con,24.51,22.71,
2024-09-16,Grn,7.63,7.48,
2024-09-16,LD,12.28,13.43,
2024-09-16,Lab,31.02,31.24,
2024-09-16,Others,3.46,5.13,
2024-09-16,PC,0.77,1.00,
2024-09-16,Ref,18.05,17.98,
2024-09-16,SNP,2.42,2.43,
2024-09-17,Con,,22.15,
2024-09-17,Grn,,7.40,
2024-09-17,LD,,13.30,
2024-09-17,Lab,,31.74,
2024-09-17,Others,,5.38,
2024-09-17,PC,,1.00,
2024-09-17,Ref,,17.96,
2024-09-17,SNP,,2.30,
2024-09-18,Con,24.54,21.61,
2024-09-18,Grn,7.64,7.33,
2024-09-18,LD,12.28,13.19,
2024-09-18,Lab,30.92,32.15,
2024-09-18,Others,3.44,5.57,
2024-09-18,PC,0.77,1.00,
2024-09-18,Ref,18.12,17.92,
2024-09-18,SNP,2.43,2.18,
2024-09-19,Con,,21.26,24.30
2024-09-19,Grn,,7.28,7.36
2024-09-19,LD,,13.09,13.18
2024-09-19,Lab,,32.39,30.96
2024-09-19,Others,,5.56,3.71
2024-09-19,PC,,1.00,
2024-09-19,Ref,,17.85,17.70
2024-09-19,SNP,,2.08,2.36
2024-09-20,Con,24.57,22.29,
2024-09-20,Grn,7.65,7.24,
2024-09-20,LD,12.28,13.05,
2024-09-20,Lab,30.82,32.23,
2024-09-20,Others,3.42,4.87,
2024-09-20,PC,0.77,1.00,
2024-09-20,Ref,18.19,17.72,
2024-09-20,SNP,2.43,2.05,
2024-09-21,Con,,23.50,
2024-09-21,Grn,,7.22,
2024-09-21,LD,,13.02,
2024-09-21,Lab,,31.91,
2024-09-21,Others,,4.00,
2024-09-21,PC,,1.00,
2024-09-21,Ref,,17.59,
2024-09-21,SNP,,2.04,
2024-09-22,Con,24.60,24.72,
2024-09-22,Grn,7.65,7.21,
2024-09-22,LD,12.28,13.01,
2024-09-22,Lab,30.72,31.52,
2024-09-22,Others,3.41,3.12,
2024-09-22,PC,0.78,1.00,
2024-09-22,Ref,18.27,17.49,
2024-09-22,SNP,2.44,2.08,
2024-09-23,Con,,25.81,24.15
2024-09-23,Grn,,7.22,7.15
2024-09-23,LD,,13.01,13.00
2024-09-23,Lab,,31.15,31.07
2024-09-23,Others,,2.44,3.46
2024-09-23,PC,,1.00,nan
2024-09-23,Ref,,17.47,18.14
2024-09-23,SNP,,2.16,2.34
2024-09-24,Con,,25.91,
2024-09-24,Grn,,7.25,
2024-09-24,LD,,13.00,
2024-09-24,Lab,,30.88,
2024-09-24,Others,,2.40,
2024-09-24,PC,,1.00,
2024-09-24,Ref,,17.63,
2024-09-24,SNP,,2.38,
2024-09-25,Con,24.63,25.51,24.13
2024-09-25,Grn,7.66,7.26,7.30
2024-09-25,LD,12.28,13.00,12.65
2024-09-25,Lab,30.62,30.86,31.06
2024-09-25,Others,3.39,2.95,3.21
2024-09-25,PC,0.78,0.99,nan
2024-09-25,Ref,18.34,17.84,18.46
2024-09-25,SNP,2.44,2.50,2.46
2024-09-26,Con,,22.53,24.13
2024-09-26,Grn,,7.21,7.30
2024-09-26,LD,,13.00,12.65
2024-09-26,Lab,,31.38,31.06
2024-09-26,Others,,4.93,3.21
2024-09-26,PC,,0.87,
2024-09-26,Ref,,17.99,18.46
2024-09-26,SNP,,2.25,2.46
2024-09-27,Con,24.67,22.36,
2024-09-27,Grn,7.67,7.19,
2024-09-27,LD,12.29,12.99,
2024-09-27,Lab,30.52,31.50,
2024-09-27,Others,3.38,5.31,
2024-09-27,PC,0.78,0.75,
2024-09-27,Ref,18.41,18.14,
2024-09-27,SNP,2.45,2.18,
2024-09-28,Con,,22.58,
2024-09-28,Grn,,7.17,
2024-09-28,LD,,12.98,
2024-09-28,Lab,,31.44,
2024-09-28,Others,,5.18,
2024-09-28,PC,,0.62,
2024-09-28,Ref,,18.29,
2024-09-28,SNP,,2.19,
2024-09-29,Con,24.70,22.86,
2024-09-29,Grn,7.67,7.17,
2024-09-29,LD,12.29,12.97,
2024-09-29,Lab,30.42,31.30,
2024-09-29,Others,3.36,4.89,
2024-09-29,PC,0.78,0.50,
2024-09-29,Ref,18.49,18.44,
2024-09-29,SNP,2.45,2.24,
2024-09-30,Con,,23.14,
2024-09-30,Grn,,7.17,
2024-09-30,LD,,12.93,
2024-09-30,Lab,,31.13,
2024-09-30,Others,,4.55,
2024-09-30,PC,,0.38,
2024-09-30,Ref,,18.59,
2024-09-30,SNP,,2.30,
2024-10-01,Con,24.73,23.43,
2024-10-01,Grn,7.68,7.20,
2024-10-01,LD,12.29,12.87,
2024-10-01,Lab,30.32,30.94,
2024-10-01,Others,3.34,4.19,
2024-10-01,PC,0.79,0.25,
2024-10-01,Ref,18.56,18.74,
2024-10-01,SNP,2.46,2.38,
2024-10-02,Con,,23.71,
2024-10-02,Grn,,7.23,
2024-10-02,LD,,12.74,
2024-10-02,Lab,,30.76,
2024-10-02,Others,,3.78,
2024-10-02,PC,,0.13,
2024-10-02,Ref,,18.91,
2024-10-02,SNP,,2.48,
2024-10-03,Con,24.76,23.98,25.05
2024-10-03,Grn,7.69,7.28,7.30
2024-10-03,LD,12.29,12.48,12.72
2024-10-03,Lab,30.21,30.61,29.89
2024-10-03,Others,3.33,3.27,2.76
2024-10-03,PC,0.79,0.03,0.72
2024-10-03,Ref,18.64,19.09,18.78
2024-10-03,SNP,2.46,2.61,2.51
2024-10-04,Con,,24.11,24.91
2024-10-04,Grn,,7.35,7.34
2024-10-04,LD,,11.97,12.68
2024-10-04,Lab,,30.53,29.72
2024-10-04,Others,,2.40,2.88
2024-10-04,PC,,0.13,
2024-10-04,Ref,,19.30,19.05
2024-10-04,SNP,,2.82,2.58
2024-10-05,Con,24.79,24.85,
2024-10-05,Grn,7.69,7.37,
2024-10-05,LD,12.30,11.93,
2024-10-05,Lab,30.11,30.16,
2024-10-05,Others,3.31,2.15,
2024-10-05,PC,0.79,0.25,
2024-10-05,Ref,18.71,19.26,
2024-10-05,SNP,2.47,2.90,
2024-10-06,Con,,25.65,
2024-10-06,Grn,,7.36,
2024-10-06,LD,,12.10,
2024-10-06,Lab,,29.67,
2024-10-06,Others,,2.11,
2024-10-06,PC,,0.38,
2024-10-06,Ref,,19.13,
2024-10-06,SNP,,2.90,
2024-10-07,Con,24.82,26.33,25.08
2024-10-07,Grn,7.70,7.33,7.28
2024-10-07,LD,12.30,12.33,12.65
2024-10-07,Lab,30.01,29.18,29.31
2024-10-07,Others,3.29,2.23,2.97
2024-10-07,PC,0.79,0.50,0.59
2024-10-07,Ref,18.78,19.05,19.25
2024-10-07,SNP,2.47,2.83,2.54
2024-10-08,Con,,26.14,
2024-10-08,Grn,,7.29,
2024-10-08,LD,,12.46,
2024-10-08,Lab,,28.81,
2024-10-08,Others,,2.70,
2024-10-08,PC,,0.67,
2024-10-08,Ref,,19.18,
2024-10-08,SNP,,2.62,
2024-10-09,Con,,25.83,
2024-10-09,Grn,,7.25,
2024-10-09,LD,,12.58,
2024-10-09,Lab,,28.53,
2024-10-09,Others,,3.22,
2024-10-09,PC,,0.83,
2024-10-09,Ref,,19.36,
2024-10-09,SNP,,2.37,
2024-10-10,Con,24.86,25.52,24.94
2024-10-10,Grn,7.70,7.21,7.37
2024-10-10,LD,12.31,12.75,12.57
2024-10-10,Lab,29.91,28.37,29.53
2024-10-10,Others,3.28,3.56,2.84
2024-10-10,PC,0.80,0.98,0.68
2024-10-10,Ref,18.86,19.50,19.35
2024-10-10,SNP,2.48,2.16,2.47
2024-10-11,Con,,25.34,
2024-10-11,Grn,,7.18,
2024-10-11,LD,,13.03,
2024-10-11,Lab,,28.46,
2024-10-11,Others,,3.25,
2024-10-11,PC,,1.00,
2024-10-11,Ref,,19.45,
2024-10-11,SNP,,2.07,
2024-10-12,Con,24.89,25.17,
2024-10-12,Grn,7.71,7.17,
2024-10-12,LD,12.31,13.32,
2024-10-12,Lab,29.81,28.62,
2024-10-12,Others,3.26,2.80,
2024-10-12,PC,0.80,1.00,
2024-10-12,Ref,18.93,19.33,
2024-10-12,SNP,2.48,2.03,
2024-10-13,Con,,25.02,24.94
2024-10-13,Grn,,7.17,7.37
2024-10-13,LD,,13.53,12.57
2024-10-13,Lab,,28.74,29.53
2024-10-13,Others,,2.56,2.84
2024-10-13,PC,,1.00,0.68
2024-10-13,Ref,,19.20,19.35
2024-10-13,SNP,,2.01,2.47
2024-10-14,Con,24.92,25.00,
2024-10-14,Grn,7.71,7.19,
2024-10-14,LD,12.31,13.50,
2024-10-14,Lab,29.70,28.71,
2024-10-14,Others,3.24,3.14,
2024-10-14,PC,0.80,1.00,
2024-10-14,Ref,19.00,19.14,
2024-10-14,SNP,2.49,2.01,
2024-10-15,Con,,25.00,
2024-10-15,Grn,,7.21,
2024-10-15,LD,,13.35,
2024-10-15,Lab,,28.65,
2024-10-15,Others,,3.93,
2024-10-15,PC,,1.00,
2024-10-15,Ref,,19.14,
2024-10-15,SNP,,2.00,
2024-10-16,Con,24.96,24.98,
2024-10-16,Grn,7.72,7.25,
2024-10-16,LD,12.32,13.13,
2024-10-16,Lab,29.60,28.68,
2024-10-16,Others,3.22,4.63,
2024-10-16,PC,0.80,1.00,
2024-10-16,Ref,19.07,19.18,
2024-10-16,SNP,2.49,2.00,
2024-10-17,Con,,24.88,25.20
2024-10-17,Grn,,7.31,7.32
2024-10-17,LD,,12.86,12.76
2024-10-17,Lab,,28.99,28.99
2024-10-17,Others,,4.77,3.26
2024-10-17,PC,,1.00,
2024-10-17,Ref,,19.30,19.25
2024-10-17,SNP,,2.00,2.31
2024-10-18,Con,24.99,24.12,24.79
2024-10-18,Grn,7.72,7.39,7.23
2024-10-18,LD,12.32,12.51,12.79
2024-10-18,Lab,29.50,29.93,28.99
2024-10-18,Others,3.21,3.08,3.78
2024-10-18,PC,0.81,1.00,nan
2024-10-18,Ref,19.14,19.52,19.55
2024-10-18,SNP,2.50,2.00,2.00
2024-10-19,Con,,24.02,
2024-10-19,Grn,,7.43,
2024-10-19,LD,,12.42,
2024-10-19,Lab,,30.18,
2024-10-19,Others,,3.01,
2024-10-19,PC,,0.96,
2024-10-19,Ref,,19.57,
2024-10-19,SNP,,2.00,
2024-10-20,Con,25.02,24.00,
2024-10-20,Grn,7.73,7.44,
2024-10-20,LD,12.33,12.45,
2024-10-20,Lab,29.40,30.12,
2024-10-20,Others,3.19,3.44,
2024-10-20,PC,0.81,0.92,
2024-10-20,Ref,19.22,19.53,
2024-10-20,SNP,2.50,2.00,
2024-10-21,Con,,24.00,
2024-10-21,Grn,,7.43,
2024-10-21,LD,,12.54,
2024-10-21,Lab,,29.92,
2024-10-21,Others,,4.02,
2024-10-21,PC,,0.88,
2024-10-21,Ref,,19.43,
2024-10-21,SNP,,2.00,
2024-10-22,Con,25.05,24.00,
2024-10-22,Grn,7.73,7.42,
2024-10-22,LD,12.33,12.66,
2024-10-22,Lab,29.30,29.67,
2024-10-22,Others,3.18,4.64,
2024-10-22,PC,0.81,0.85,
2024-10-22,Ref,19.29,19.31,
2024-10-22,SNP,2.51,2.00,
2024-10-23,Con,,24.00,
2024-10-23,Grn,,7.41,
2024-10-23,LD,,12.76,
2024-10-23,Lab,,29.42,
2024-10-23,Others,,5.22,
2024-10-23,PC,,0.81,
2024-10-23,Ref,,19.17,
2024-10-23,SNP,,2.00,
2024-10-24,Con,25.08,24.03,25.18
2024-10-24,Grn,7.74,7.42,8.01
2024-10-24,LD,12.34,12.84,12.52
2024-10-24,Lab,29.20,29.24,29.43
2024-10-24,Others,3.16,5.64,3.59
2024-10-24,PC,0.81,0.77,
2024-10-24,Ref,19.36,19.04,18.79
2024-10-24,SNP,2.52,2.00,2.13
2024-10-25,Con,,24.24,
2024-10-25,Grn,,7.46,
2024-10-25,LD,,12.83,
2024-10-25,Lab,,29.20,
2024-10-25,Others,,5.50,
2024-10-25,PC,,0.73,
2024-10-25,Ref,,18.93,
2024-10-25,SNP,,2.00,
2024-10-26,Con,,24.48,
2024-10-26,Grn,,7.52,
2024-10-26,LD,,12.79,
2024-10-26,Lab,,29.23,
2024-10-26,Others,,5.20,
2024-10-26,PC,,0.69,
2024-10-26,Ref,,18.82,
2024-10-26,SNP,,2.00,
2024-10-27,Con,25.11,24.71,
2024-10-27,Grn,7.74,7.58,
2024-10-27,LD,12.34,12.73,
2024-10-27,Lab,29.11,29.29,
2024-10-27,Others,3.15,4.85,
2024-10-27,PC,0.82,0.65,
2024-10-27,Ref,19.43,18.72,
2024-10-27,SNP,2.52,2.01,
2024-10-28,Con,,24.95,
2024-10-28,Grn,,7.65,
2024-10-28,LD,,12.68,
2024-10-28,Lab,,29.34,
2024-10-28,Others,,4.48,
2024-10-28,PC,,0.62,
2024-10-28,Ref,,18.62,
2024-10-28,SNP,,2.02,
2024-10-29,Con,25.14,25.19,
2024-10-29,Grn,7.75,7.71,
2024-10-29,LD,12.34,12.66,
2024-10-29,Lab,29.01,29.37,
2024-10-29,Others,3.13,4.10,
2024-10-29,PC,0.82,0.58,
2024-10-29,Ref,19.50,18.51,
2024-10-29,SNP,2.53,2.05,
2024-10-30,Con,,25.43,
2024-10-30,Grn,,7.75,
2024-10-30,LD,,12.71,
2024-10-30,Lab,,29.33,
2024-10-30,Others,,3.75,
2024-10-30,PC,,0.54,
2024-10-30,Ref,,18.41,
2024-10-30,SNP,,2.11,
2024-10-31,Con,25.16,25.67,25.44
2024-10-31,Grn,7.75,7.77,8.01
2024-10-31,LD,12.34,12.90,12.64
2024-10-31,Lab,28.92,29.13,29.23
2024-10-31,Others,3.12,3.44,3.95
2024-10-31,PC,0.82,0.55,nan
2024-10-31,Ref,19.57,18.29,18.38
2024-10-31,SNP,2.53,2.26,2.15
2024-11-01,Con,,25.93,25.91
2024-11-01,Grn,,7.75,8.01
2024-11-01,LD,,13.36,12.42
2024-11-01,Lab,,28.59,28.93
2024-11-01,Others,,3.30,3.95
2024-11-01,PC,,0.95,nan
2024-11-01,Ref,,18.17,18.47
2024-11-01,SNP,,2.61,2.13
2024-11-02,Con,25.18,25.82,
2024-11-02,Grn,7.76,7.71,
2024-11-02,LD,12.34,13.51,
2024-11-02,Lab,28.83,28.43,
2024-11-02,Others,3.11,3.59,
2024-11-02,PC,0.82,1.00,
2024-11-02,Ref,19.64,18.10,
2024-11-02,SNP,2.54,2.67,
2024-11-03,Con,,25.67,
2024-11-03,Grn,,7.66,
2024-11-03,LD,,13.49,
2024-11-03,Lab,,28.44,
2024-11-03,Others,,4.03,
2024-11-03,PC,,1.00,
2024-11-03,Ref,,18.07,
2024-11-03,SNP,,2.60,
2024-11-04,Con,25.17,25.50,
2024-11-04,Grn,7.77,7.61,
2024-11-04,LD,12.34,13.39,
2024-11-04,Lab,28.75,28.52,
2024-11-04,Others,3.09,4.50,
2024-11-04,PC,0.83,1.00,
2024-11-04,Ref,19.73,18.06,
2024-11-04,SNP,2.54,2.48,
2024-11-05,Con,,25.34,
2024-11-05,Grn,,7.56,
2024-11-05,LD,,13.25,
2024-11-05,Lab,,28.62,
2024-11-05,Others,,4.97,
2024-11-05,PC,,1.00,
2024-11-05,Ref,,18.08,
2024-11-05,SNP,,2.34,
2024-11-06,Con,25.18,25.19,
2024-11-06,Grn,7.78,7.53,
2024-11-06,LD,12.34,13.05,
2024-11-06,Lab,28.67,28.68,
2024-11-06,Others,3.08,5.39,
2024-11-06,PC,0.83,1.00,
2024-11-06,Ref,19.80,18.12,
2024-11-06,SNP,2.55,2.20,
2024-11-07,Con,,25.17,25.93
2024-11-07,Grn,,7.53,8.11
2024-11-07,LD,,12.80,12.32
2024-11-07,Lab,,28.66,28.80
2024-11-07,Others,,5.65,3.43
2024-11-07,PC,,1.00,
2024-11-07,Ref,,18.21,18.80
2024-11-07,SNP,,2.09,2.35
2024-11-08,Con,25.17,26.02,
2024-11-08,Grn,7.79,7.57,
2024-11-08,LD,12.33,12.46,
2024-11-08,Lab,28.59,28.41,
2024-11-08,Others,3.07,5.38,
2024-11-08,PC,0.83,1.00,
2024-11-08,Ref,19.89,18.37,
2024-11-08,SNP,2.55,2.05,
2024-11-09,Con,,26.99,
2024-11-09,Grn,,7.63,
2024-11-09,LD,,12.10,
2024-11-09,Lab,,28.09,
2024-11-09,Others,,4.94,
2024-11-09,PC,,1.00,
2024-11-09,Ref,,18.58,
2024-11-09,SNP,,2.05,
2024-11-10,Con,25.17,27.93,
2024-11-10,Grn,7.80,7.69,
2024-11-10,LD,12.33,11.78,
2024-11-10,Lab,28.51,27.84,
2024-11-10,Others,3.06,4.42,
2024-11-10,PC,0.83,1.00,
2024-11-10,Ref,19.98,18.82,
2024-11-10,SNP,2.56,2.09,
2024-11-11,Con,,28.51,26.46
2024-11-11,Grn,,7.76,7.81
2024-11-11,LD,,11.61,12.40
2024-11-11,Lab,,27.81,28.10
2024-11-11,Others,,3.77,3.41
2024-11-11,PC,,1.00,1.00
2024-11-11,Ref,,19.09,18.68
2024-11-11,SNP,,2.20,2.74
2024-11-12,Con,,26.52,
2024-11-12,Grn,,7.80,
2024-11-12,LD,,11.73,
2024-11-12,Lab,,28.31,
2024-11-12,Others,,2.79,
2024-11-12,PC,,1.00,
2024-11-12,Ref,,19.39,
2024-11-12,SNP,,2.47,
2024-11-13,Con,25.17,24.66,26.51
2024-11-13,Grn,7.81,7.83,7.79
2024-11-13,LD,12.32,11.96,12.22
2024-11-13,Lab,28.43,28.67,28.12
2024-11-13,Others,3.05,2.23,3.46
2024-11-13,PC,0.84,1.00,nan
2024-11-13,Ref,20.06,19.46,18.76
2024-11-13,SNP,2.56,2.71,2.71
2024-11-14,Con,,26.26,26.51
2024-11-14,Grn,,7.85,7.79
2024-11-14,LD,,12.17,12.22
2024-11-14,Lab,,28.19,28.12
2024-11-14,Others,,3.52,3.46
2024-11-14,PC,,1.00,
2024-11-14,Ref,,18.97,18.76
2024-11-14,SNP,,2.74,2.71
2024-11-15,Con,25.16,26.59,
2024-11-15,Grn,7.82,7.86,
2024-11-15,LD,12.32,12.23,
2024-11-15,Lab,28.35,28.15,
2024-11-15,Others,3.04,3.34,
2024-11-15,PC,0.84,1.00,
2024-11-15,Ref,20.15,18.65,
2024-11-15,SNP,2.57,2.95,
2024-11-16,Con,,26.75,
2024-11-16,Grn,,7.86,
2024-11-16,LD,,12.21,
2024-11-16,Lab,,28.28,
2024-11-16,Others,,2.72,
2024-11-16,PC,,1.00,
2024-11-16,Ref,,18.43,
2024-11-16,SNP,,3.22,
2024-11-17,Con,25.14,26.88,
2024-11-17,Grn,7.84,7.85,
2024-11-17,LD,12.31,12.17,
2024-11-17,Lab,28.28,28.43,
2024-11-17,Others,3.02,2.06,
2024-11-17,PC,0.84,1.00,
2024-11-17,Ref,20.24,18.28,
2024-11-17,SNP,2.57,3.46,
2024-11-18,Con,,27.01,27.06
2024-11-18,Grn,,7.84,7.74
2024-11-18,LD,,12.15,12.16
2024-11-18,Lab,,28.46,27.80
2024-11-18,Others,,1.69,3.06
2024-11-18,PC,,1.00,0.84
2024-11-18,Ref,,18.18,19.08
2024-11-18,SNP,,3.57,2.70
2024-11-19,Con,25.12,27.17,
2024-11-19,Grn,7.85,7.80,
2024-11-19,LD,12.30,12.21,
2024-11-19,Lab,28.20,28.15,
2024-11-19,Others,3.01,2.33,
2024-11-19,PC,0.84,1.00,
2024-11-19,Ref,20.34,18.15,
2024-11-19,SNP,2.58,3.36,
2024-11-20,Con,,27.33,
2024-11-20,Grn,,7.77,
2024-11-20,LD,,12.29,
2024-11-20,Lab,,27.73,
2024-11-20,Others,,3.23,
2024-11-20,PC,,1.00,
2024-11-20,Ref,,18.18,
2024-11-20,SNP,,3.04,
2024-11-21,Con,25.10,27.49,26.84
2024-11-21,Grn,7.87,7.75,7.87
2024-11-21,LD,12.29,12.35,11.92
2024-11-21,Lab,28.12,27.34,27.93
2024-11-21,Others,3.00,3.97,2.95
2024-11-21,PC,0.84,0.99,0.86
2024-11-21,Ref,20.43,18.28,19.29
2024-11-21,SNP,2.58,2.74,2.74
2024-11-22,Con,,27.58,
2024-11-22,Grn,,7.74,
2024-11-22,LD,,12.34,
2024-11-22,Lab,,27.16,
2024-11-22,Others,,3.92,
2024-11-22,PC,,0.94,
2024-11-22,Ref,,18.47,
2024-11-22,SNP,,2.63,
2024-11-23,Con,25.07,27.67,
2024-11-23,Grn,7.88,7.74,
2024-11-23,LD,12.28,12.30,
2024-11-23,Lab,28.05,27.08,
2024-11-23,Others,2.99,3.62,
2024-11-23,PC,0.85,0.89,
2024-11-23,Ref,20.54,18.72,
2024-11-23,SNP,2.59,2.60,
2024-11-24,Con,,27.75,
2024-11-24,Grn,,7.75,
2024-11-24,LD,,12.23,
2024-11-24,Lab,,27.06,
2024-11-24,Others,,3.26,
2024-11-24,PC,,0.83,
2024-11-24,Ref,,18.99,
2024-11-24,SNP,,2.60,
2024-11-25,Con,25.04,27.83,
2024-11-25,Grn,7.90,7.76,
2024-11-25,LD,12.27,12.16,
2024-11-25,Lab,27.97,27.09,
2024-11-25,Others,2.98,2.91,
2024-11-25,PC,0.85,0.78,
2024-11-25,Ref,20.64,19.25,
2024-11-25,SNP,2.59,2.60,
2024-11-26,Con,,27.89,
2024-11-26,Grn,,7.76,
2024-11-26,LD,,12.09,
2024-11-26,Lab,,27.16,
2024-11-26,Others,,2.67,
2024-11-26,PC,,0.72,
2024-11-26,Ref,,19.48,
2024-11-26,SNP,,2.61,
2024-11-27,Con,,27.83,26.95
2024-11-27,Grn,,7.75,7.76
2024-11-27,LD,,12.02,11.93
2024-11-27,Lab,,27.34,27.21
2024-11-27,Others,,2.80,2.94
2024-11-27,PC,,0.69,0.85
2024-11-27,Ref,,19.65,19.87
2024-11-27,SNP,,2.58,2.79
2024-11-28,Con,25.02,26.90,26.95
2024-11-28,Grn,7.92,7.72,7.76
2024-11-28,LD,12.26,11.96,11.93
2024-11-28,Lab,27.89,27.74,27.21
2024-11-28,Others,2.97,4.13,2.94
2024-11-28,PC,0.85,0.83,
2024-11-28,Ref,20.74,19.69,19.87
2024-11-28,SNP,2.60,2.49,2.79
2024-11-29,Con,,25.41,26.71
2024-11-29,Grn,,7.82,7.75
2024-11-29,LD,,11.38,12.01
2024-11-29,Lab,,27.97,27.07
2024-11-29,Others,,2.67,3.09
2024-11-29,PC,,0.98,0.85
2024-11-29,Ref,,20.34,20.18
2024-11-29,SNP,,2.78,2.66
2024-11-30,Con,25.00,26.05,
2024-11-30,Grn,7.94,7.83,
2024-11-30,LD,12.25,11.49,
2024-11-30,Lab,27.81,27.54,
2024-11-30,Others,2.96,2.22,
2024-11-30,PC,0.85,1.00,
2024-11-30,Ref,20.84,20.76,
2024-11-30,SNP,2.61,2.90,
2024-12-01,Con,,26.97,
2024-12-01,Grn,,7.81,
2024-12-01,LD,,11.83,
2024-12-01,Lab,,26.82,
2024-12-01,Others,,2.08,
2024-12-01,PC,,1.00,
2024-12-01,Ref,,21.09,
2024-12-01,SNP,,2.95,
2024-12-02,Con,24.99,27.72,26.11
2024-12-02,Grn,7.95,7.79,7.84
2024-12-02,LD,12.23,12.09,11.86
2024-12-02,Lab,27.74,25.99,26.92
2024-12-02,Others,2.95,2.08,3.09
2024-12-02,PC,0.86,1.00,0.86
2024-12-02,Ref,20.93,21.45,20.92
2024-12-02,SNP,2.61,2.95,2.69
2024-12-03,Con,,26.97,
2024-12-03,Grn,,7.83,
2024-12-03,LD,,11.91,
2024-12-03,Lab,,25.15,
2024-12-03,Others,,2.19,
2024-12-03,PC,,1.00,
2024-12-03,Ref,,21.98,
2024-12-03,SNP,,2.91,
2024-12-04,Con,24.97,26.07,26.11
2024-12-04,Grn,7.97,7.86,7.84
2024-12-04,LD,12.22,11.67,11.86
2024-12-04,Lab,27.66,24.73,26.92
2024-12-04,Others,2.94,2.59,3.09
2024-12-04,PC,0.86,1.00,0.86
2024-12-04,Ref,21.03,22.31,20.92
2024-12-04,SNP,2.62,2.81,2.69
2024-12-05,Con,,25.51,
2024-12-05,Grn,,7.81,
2024-12-05,LD,,11.77,
2024-12-05,Lab,,25.42,
2024-12-05,Others,,3.86,
2024-12-05,PC,,1.00,
2024-12-05,Ref,,22.03,
2024-12-05,SNP,,2.57,
2024-12-06,Con,24.92,25.03,25.99
2024-12-06,Grn,7.99,7.75,7.76
2024-12-06,LD,12.22,12.00,11.91
2024-12-06,Lab,27.58,26.37,27.12
2024-12-06,Others,2.93,4.93,2.97
2024-12-06,PC,0.86,1.00,
2024-12-06,Ref,21.15,21.58,20.82
2024-12-06,SNP,2.63,2.37,2.57
2024-12-07,Con,,24.68,
2024-12-07,Grn,,7.74,
2024-12-07,LD,,12.23,
2024-12-07,Lab,,26.92,
2024-12-07,Others,,4.41,
2024-12-07,PC,,1.00,
2024-12-07,Ref,,21.34,
2024-12-07,SNP,,2.46,
2024-12-08,Con,24.89,24.37,
2024-12-08,Grn,8.00,7.76,
2024-12-08,LD,12.21,12.42,
2024-12-08,Lab,27.50,27.21,
2024-12-08,Others,2.92,3.50,
2024-12-08,PC,0.86,1.00,
2024-12-08,Ref,21.25,21.23,
2024-12-08,SNP,2.63,2.64,
2024-12-09,Con,,24.25,25.36
2024-12-09,Grn,,7.78,7.81
2024-12-09,LD,,12.48,11.80
2024-12-09,Lab,,27.20,27.00
2024-12-09,Others,,2.84,3.15
2024-12-09,PC,,1.00,1.00
2024-12-09,Ref,,21.19,21.31
2024-12-09,SNP,,2.80,2.53
2024-12-10,Con,24.87,25.43,25.11
2024-12-10,Grn,8.02,7.79,7.94
2024-12-10,LD,12.20,12.28,11.93
2024-12-10,Lab,27.42,26.67,27.00
2024-12-10,Others,2.91,3.45,3.15
2024-12-10,PC,0.87,1.00,1.00
2024-12-10,Ref,21.35,21.23,21.44
2024-12-10,SNP,2.64,2.81,2.53
2024-12-11,Con,,23.59,25.11
2024-12-11,Grn,,7.78,7.94
2024-12-11,LD,,11.73,11.93
2024-12-11,Lab,,26.58,27.00
2024-12-11,Others,,3.23,3.15
2024-12-11,PC,,1.00,1.00
2024-12-11,Ref,,22.08,21.44
2024-12-11,SNP,,2.67,2.53
2024-12-12,Con,24.85,24.82,25.11
2024-12-12,Grn,8.04,7.69,7.94
2024-12-12,LD,12.19,11.54,11.93
2024-12-12,Lab,27.34,26.86,27.00
2024-12-12,Others,2.90,4.86,3.15
2024-12-12,PC,0.87,1.00,
2024-12-12,Ref,21.45,21.87,21.44
2024-12-12,SNP,2.65,2.29,2.53
2024-12-13,Con,,25.10,
2024-12-13,Grn,,7.65,
2024-12-13,LD,,11.61,
2024-12-13,Lab,,27.05,
2024-12-13,Others,,4.78,
2024-12-13,PC,,1.00,
2024-12-13,Ref,,21.60,
2024-12-13,SNP,,2.13,
2024-12-14,Con,,25.25,
2024-12-14,Grn,,7.65,
2024-12-14,LD,,11.80,
2024-12-14,Lab,,27.20,
2024-12-14,Others,,4.19,
2024-12-14,PC,,1.00,
2024-12-14,Ref,,21.33,
2024-12-14,SNP,,2.06,
2024-12-15,Con,24.83,25.38,
2024-12-15,Grn,8.06,7.67,
2024-12-15,LD,12.18,12.00,
2024-12-15,Lab,27.26,27.32,
2024-12-15,Others,2.89,3.52,
2024-12-15,PC,0.87,1.00,
2024-12-15,Ref,21.55,21.09,
2024-12-15,SNP,2.66,2.04,
2024-12-16,Con,,25.50,24.76
2024-12-16,Grn,,7.71,7.94
2024-12-16,LD,,12.15,11.91
2024-12-16,Lab,,27.39,27.66
2024-12-16,Others,,3.05,3.10
2024-12-16,PC,,1.00,0.84
2024-12-16,Ref,,20.93,21.22
2024-12-16,SNP,,2.04,2.63
2024-12-17,Con,24.80,25.66,
2024-12-17,Grn,8.07,7.77,
2024-12-17,LD,12.17,12.14,
2024-12-17,Lab,27.19,27.41,
2024-12-17,Others,2.88,3.41,
2024-12-17,PC,0.88,1.00,
2024-12-17,Ref,21.65,20.93,
2024-12-17,SNP,2.67,2.07,
2024-12-18,Con,,25.78,
2024-12-18,Grn,,7.86,
2024-12-18,LD,,12.02,
2024-12-18,Lab,,27.46,
2024-12-18,Others,,3.90,
2024-12-18,PC,,1.00,
2024-12-18,Ref,,21.02,
2024-12-18,SNP,,2.16,
2024-12-19,Con,24.77,25.62,24.74
2024-12-19,Grn,8.09,8.00,8.03
2024-12-19,LD,12.16,11.83,11.91
2024-12-19,Lab,27.11,27.71,27.72
2024-12-19,Others,2.86,3.97,2.82
2024-12-19,PC,0.88,1.00,
2024-12-19,Ref,21.76,21.18,21.24
2024-12-19,SNP,2.68,2.37,2.69
2024-12-20,Con,,23.46,24.81
2024-12-20,Grn,,8.20,8.04
2024-12-20,LD,,11.57,11.80
2024-12-20,Lab,,28.41,27.69
2024-12-20,Others,,2.52,2.91
2024-12-20,PC,,0.97,0.82
2024-12-20,Ref,,21.40,21.26
2024-12-20,SNP,,2.86,2.65
2024-12-21,Con,24.71,23.73,
2024-12-21,Grn,8.10,8.28,
2024-12-21,LD,12.16,11.58,
2024-12-21,Lab,27.04,28.74,
2024-12-21,Others,2.85,1.84,
2024-12-21,PC,0.89,0.66,
2024-12-21,Ref,21.88,21.41,
2024-12-21,SNP,2.68,3.24,
2024-12-22,Con,,24.33,
2024-12-22,Grn,,8.29,
2024-12-22,LD,,11.70,
2024-12-22,Lab,,28.90,
2024-12-22,Others,,1.42,
2024-12-22,PC,,0.34,
2024-12-22,Ref,,21.32,
2024-12-22,SNP,,3.55,
2024-12-23,Con,24.64,24.88,24.85
2024-12-23,Grn,8.12,8.28,8.06
2024-12-23,LD,12.16,11.85,11.84
2024-12-23,Lab,26.97,29.00,28.31
2024-12-23,Others,2.83,1.13,2.40
2024-12-23,PC,0.89,0.04,nan
2024-12-23,Ref,22.01,21.23,20.98
2024-12-23,SNP,2.69,3.77,2.65
2024-12-24,Con,,24.80,
2024-12-24,Grn,,8.28,
2024-12-24,LD,,11.92,
2024-12-24,Lab,,29.09,
2024-12-24,Others,,1.04,
2024-12-24,PC,,0.10,
2024-12-24,Ref,,21.22,
2024-12-24,SNP,,3.81,
2024-12-25,Con,24.58,24.63,
2024-12-25,Grn,8.13,8.29,
2024-12-25,LD,12.16,11.96,
2024-12-25,Lab,26.90,29.18,
2024-12-25,Others,2.81,1.01,
2024-12-25,PC,0.90,0.18,
2024-12-25,Ref,22.14,21.25,
2024-12-25,SNP,2.70,3.78,
2024-12-26,Con,,24.45,
2024-12-26,Grn,,8.31,
2024-12-26,LD,,11.98,
2024-12-26,Lab,,29.27,
2024-12-26,Others,,1.00,
2024-12-26,PC,,0.27,
2024-12-26,Ref,,21.31,
2024-12-26,SNP,,3.71,
2024-12-27,Con,24.49,24.27,
2024-12-27,Grn,8.14,8.34,
2024-12-27,LD,12.18,11.99,
2024-12-27,Lab,26.83,29.36,
2024-12-27,Others,2.80,1.00,
2024-12-27,PC,0.90,0.36,
2024-12-27,Ref,22.27,21.39,
2024-12-27,SNP,2.71,3.63,
2024-12-28,Con,,24.09,
2024-12-28,Grn,,8.36,
2024-12-28,LD,,11.99,
2024-12-28,Lab,,29.45,
2024-12-28,Others,,1.00,
2024-12-28,PC,,0.45,
2024-12-28,Ref,,21.47,
2024-12-28,SNP,,3.54,
2024-12-29,Con,24.42,23.91,
2024-12-29,Grn,8.15,8.38,
2024-12-29,LD,12.18,12.00,
2024-12-29,Lab,26.76,29.54,
2024-12-29,Others,2.78,1.00,
2024-12-29,PC,0.90,0.55,
2024-12-29,Ref,22.41,21.56,
2024-12-29,SNP,2.72,3.45,
2024-12-30,Con,,23.73,
2024-12-30,Grn,,8.38,
2024-12-30,LD,,12.00,
2024-12-30,Lab,,29.62,
2024-12-30,Others,,1.00,
2024-12-30,PC,,0.64,
2024-12-30,Ref,,21.66,
2024-12-30,SNP,,3.36,
2024-12-31,Con,,23.55,
2024-12-31,Grn,,8.37,
2024-12-31,LD,,12.00,
2024-12-31,Lab,,29.68,
2024-12-31,Others,,1.00,
2024-12-31,PC,,0.73,
2024-12-31,Ref,,21.76,
2024-12-31,SNP,,3.28,
2025-01-01,Con,24.33,23.37,
2025-01-01,Grn,8.16,8.33,
2025-01-01,LD,12.20,11.99,
2025-01-01,Lab,26.69,29.72,
2025-01-01,Others,2.76,1.00,
2025-01-01,PC,0.90,0.82,
2025-01-01,Ref,22.55,21.87,
2025-01-01,SNP,2.72,3.19,
2025-01-02,Con,,23.23,
2025-01-02,Grn,,8.26,
2025-01-02,LD,,11.99,
2025-01-02,Lab,,29.71,
2025-01-02,Others,,1.00,
2025-01-02,PC,,0.91,
2025-01-02,Ref,,22.01,
2025-01-02,SNP,,3.11,
2025-01-03,Con,24.24,23.31,23.78
2025-01-03,Grn,8.17,8.14,8.22
2025-01-03,LD,12.21,11.98,11.89
2025-01-03,Lab,26.63,29.56,27.05
2025-01-03,Others,2.75,1.00,1.85
2025-01-03,PC,0.91,0.99,1.00
2025-01-03,Ref,22.69,22.18,23.60
2025-01-03,SNP,2.73,3.05,2.82
2025-01-04,Con,,25.03,
2025-01-04,Grn,,7.96,
2025-01-04,LD,,11.95,
2025-01-04,Lab,,29.12,
2025-01-04,Others,,1.02,
2025-01-04,PC,,1.00,
2025-01-04,Ref,,22.41,
2025-01-04,SNP,,3.01,
2025-01-05,Con,24.15,26.91,
2025-01-05,Grn,8.18,7.80,
2025-01-05,LD,12.21,11.91,
2025-01-05,Lab,26.56,28.55,
2025-01-05,Others,2.73,1.05,
2025-01-05,PC,0.91,1.00,
2025-01-05,Ref,22.83,22.68,
2025-01-05,SNP,2.73,2.99,
2025-01-06,Con,,28.29,24.10
2025-01-06,Grn,,7.75,8.33
2025-01-06,LD,,11.81,12.01
2025-01-06,Lab,,27.91,26.61
2025-01-06,Others,,1.16,2.24
2025-01-06,PC,,1.00,
2025-01-06,Ref,,22.95,23.52
2025-01-06,SNP,,2.97,2.69
2025-01-07,Con,24.05,25.96,
2025-01-07,Grn,8.19,7.89,
2025-01-07,LD,12.24,11.63,
2025-01-07,Lab,26.50,27.21,
2025-01-07,Others,2.71,1.50,
2025-01-07,PC,0.91,1.00,
2025-01-07,Ref,22.96,23.20,
2025-01-07,SNP,2.73,2.92,
2025-01-08,Con,,23.42,24.10
2025-01-08,Grn,,8.08,8.33
2025-01-08,LD,,11.39,12.01
2025-01-08,Lab,,26.80,26.61
2025-01-08,Others,,1.85,2.24
2025-01-08,PC,,1.00,1.00
2025-01-08,Ref,,23.44,23.52
2025-01-08,SNP,,2.81,2.69
2025-01-09,Con,23.95,23.06,
2025-01-09,Grn,8.20,8.22,
2025-01-09,LD,12.25,11.10,
2025-01-09,Lab,26.44,27.23,
2025-01-09,Others,2.70,1.97,
2025-01-09,PC,0.91,1.00,
2025-01-09,Ref,23.11,23.65,
2025-01-09,SNP,2.74,2.56,
2025-01-10,Con,,23.03,24.08
2025-01-10,Grn,,8.30,8.31
2025-01-10,LD,,10.98,12.07
2025-01-10,Lab,,27.65,26.64
2025-01-10,Others,,2.04,2.28
2025-01-10,PC,,1.00,0.95
2025-01-10,Ref,,23.82,23.38
2025-01-10,SNP,,2.36,2.78
2025-01-11,Con,23.85,23.17,
2025-01-11,Grn,8.21,8.33,
2025-01-11,LD,12.26,11.33,
2025-01-11,Lab,26.38,27.20,
2025-01-11,Others,2.68,2.19,
2025-01-11,PC,0.91,1.00,
2025-01-11,Ref,23.25,23.93,
2025-01-11,SNP,2.74,2.43,
2025-01-12,Con,,23.36,
2025-01-12,Grn,,8.34,
2025-01-12,LD,,11.85,
2025-01-12,Lab,,26.46,
2025-01-12,Others,,2.35,
2025-01-12,PC,,1.00,
2025-01-12,Ref,,23.96,
2025-01-12,SNP,,2.57,
2025-01-13,Con,23.74,23.66,23.80
2025-01-13,Grn,8.23,8.35,8.58
2025-01-13,LD,12.28,12.29,12.11
2025-01-13,Lab,26.33,25.80,26.24
2025-01-13,Others,2.67,2.55,2.44
2025-01-13,PC,0.92,1.00,0.96
2025-01-13,Ref,23.40,23.84,23.58
2025-01-13,SNP,2.74,2.64,2.76
2025-01-14,Con,,24.81,23.64
2025-01-14,Grn,,8.38,8.50
2025-01-14,LD,,12.39,12.03
2025-01-14,Lab,,25.65,26.11
2025-01-14,Others,,2.83,2.51
2025-01-14,PC,,1.00,0.96
2025-01-14,Ref,,23.49,23.96
2025-01-14,SNP,,2.43,2.76
2025-01-15,Con,,24.97,23.64
2025-01-15,Grn,,8.37,8.50
2025-01-15,LD,,12.20,12.03
2025-01-15,Lab,,25.28,26.11
2025-01-15,Others,,2.85,2.51
2025-01-15,PC,,0.99,0.96
2025-01-15,Ref,,23.69,23.96
2025-01-15,SNP,,2.56,2.76
2025-01-16,Con,23.64,24.97,23.64
2025-01-16,Grn,8.24,8.25,8.50
2025-01-16,LD,12.30,12.10,12.03
2025-01-16,Lab,26.27,25.72,26.11
2025-01-16,Others,2.66,4.13,2.51
2025-01-16,PC,0.92,0.93,
2025-01-16,Ref,23.52,23.40,23.96
2025-01-16,SNP,2.74,2.34,2.76
2025-01-17,Con,,24.81,
2025-01-17,Grn,,8.21,
2025-01-17,LD,,12.05,
2025-01-17,Lab,,25.99,
2025-01-17,Others,,4.11,
2025-01-17,PC,,0.87,
2025-01-17,Ref,,23.26,
2025-01-17,SNP,,2.39,
2025-01-18,Con,23.55,24.62,
2025-01-18,Grn,8.25,8.24,
2025-01-18,LD,12.33,12.03,
2025-01-18,Lab,26.22,26.13,
2025-01-18,Others,2.65,3.69,
2025-01-18,PC,0.92,0.80,
2025-01-18,Ref,23.63,23.23,
2025-01-18,SNP,2.74,2.54,
2025-01-19,Con,,24.43,
2025-01-19,Grn,,8.31,
2025-01-19,LD,,12.02,
2025-01-19,Lab,,26.12,
2025-01-19,Others,,3.19,
2025-01-19,PC,,0.74,
2025-01-19,Ref,,23.33,
2025-01-19,SNP,,2.71,
2025-01-20,Con,23.45,24.19,23.20
2025-01-20,Grn,8.27,8.40,8.49
2025-01-20,LD,12.35,12.01,12.33
2025-01-20,Lab,26.17,25.81,25.85
2025-01-20,Others,2.64,2.79,2.87
2025-01-20,PC,0.92,0.69,0.97
2025-01-20,Ref,23.76,23.63,24.15
2025-01-20,SNP,2.74,2.86,2.77
2025-01-21,Con,,23.61,
2025-01-21,Grn,,8.51,
2025-01-21,LD,,12.02,
2025-01-21,Lab,,24.92,
2025-01-21,Others,,2.82,
2025-01-21,PC,,0.83,
2025-01-21,Ref,,24.24,
2025-01-21,SNP,,2.91,
2025-01-22,Con,23.34,22.95,23.21
2025-01-22,Grn,8.28,8.57,8.45
2025-01-22,LD,12.38,12.03,12.49
2025-01-22,Lab,26.12,24.36,25.64
2025-01-22,Others,2.63,2.95,2.92
2025-01-22,PC,0.92,0.98,0.96
2025-01-22,Ref,23.90,24.81,24.16
2025-01-22,SNP,2.75,2.88,2.82
2025-01-23,Con,,22.03,23.40
2025-01-23,Grn,,8.54,8.40
2025-01-23,LD,,12.05,12.35
2025-01-23,Lab,,25.32,25.77
2025-01-23,Others,,3.02,2.89
2025-01-23,PC,,1.00,0.96
2025-01-23,Ref,,24.94,24.08
2025-01-23,SNP,,2.76,2.83
2025-01-24,Con,23.25,21.24,23.38
2025-01-24,Grn,8.30,8.40,8.37
2025-01-24,LD,12.40,11.86,12.39
2025-01-24,Lab,26.06,26.48,25.65
2025-01-24,Others,2.62,2.38,2.89
2025-01-24,PC,0.92,1.00,0.96
2025-01-24,Ref,24.00,25.42,24.08
2025-01-24,SNP,2.75,2.84,2.83
2025-01-25,Con,,21.70,
2025-01-25,Grn,,8.29,
2025-01-25,LD,,12.09,
2025-01-25,Lab,,26.66,
2025-01-25,Others,,2.30,
2025-01-25,PC,,1.00,
2025-01-25,Ref,,25.31,
2025-01-25,SNP,,2.79,
2025-01-26,Con,23.16,22.32,
2025-01-26,Grn,8.31,8.20,
2025-01-26,LD,12.43,12.44,
2025-01-26,Lab,26.01,26.43,
2025-01-26,Others,2.61,2.41,
2025-01-26,PC,0.93,1.00,
2025-01-26,Ref,24.11,24.96,
2025-01-26,SNP,2.75,2.72,
2025-01-27,Con,,22.89,22.93
2025-01-27,Grn,,8.12,8.34
2025-01-27,LD,,12.67,12.45
2025-01-27,Lab,,26.03,25.63
2025-01-27,Others,,2.64,2.88
2025-01-27,PC,,1.00,0.96
2025-01-27,Ref,,24.59,24.42
2025-01-27,SNP,,2.68,2.87
2025-01-28,Con,23.10,22.87,
2025-01-28,Grn,8.32,8.05,
2025-01-28,LD,12.47,12.51,
2025-01-28,Lab,25.96,25.66,
2025-01-28,Others,2.61,3.07,
2025-01-28,PC,0.93,1.00,
2025-01-28,Ref,24.18,24.44,
2025-01-28,SNP,2.75,2.78,
2025-01-29,Con,,22.83,22.87
2025-01-29,Grn,,7.97,8.32
2025-01-29,LD,,12.16,12.36
2025-01-29,Lab,,25.54,25.71
2025-01-29,Others,,3.59,2.83
2025-01-29,PC,,1.00,0.97
2025-01-29,Ref,,24.31,24.52
2025-01-29,SNP,,2.91,2.88
2025-01-30,Con,23.01,23.21,22.87
2025-01-30,Grn,8.34,7.85,8.32
2025-01-30,LD,12.50,11.78,12.36
2025-01-30,Lab,25.90,26.09,25.71
2025-01-30,Others,2.60,4.26,2.83
2025-01-30,PC,0.93,1.00,
2025-01-30,Ref,24.29,24.03,24.52
2025-01-30,SNP,2.75,2.96,2.88
2025-01-31,Con,,24.68,
2025-01-31,Grn,,7.79,
2025-01-31,LD,,11.28,
2025-01-31,Lab,,26.71,
2025-01-31,Others,,3.81,
2025-01-31,PC,,1.00,
2025-01-31,Ref,,23.75,
2025-01-31,SNP,,2.98,
2025-02-01,Con,,26.22,
2025-02-01,Grn,,7.79,
2025-02-01,LD,,10.93,
2025-02-01,Lab,,27.13,
2025-02-01,Others,,3.07,
2025-02-01,PC,,1.00,
2025-02-01,Ref,,23.62,
2025-02-01,SNP,,2.99,
2025-02-02,Con,22.92,27.15,22.43
2025-02-02,Grn,8.35,7.84,8.33
2025-02-02,LD,12.53,11.03,12.48
2025-02-02,Lab,25.84,27.00,25.46
2025-02-02,Others,2.60,2.44,2.76
2025-02-02,PC,0.93,1.00,
2025-02-02,Ref,24.40,23.84,25.07
2025-02-02,SNP,2.75,2.98,2.82
2025-02-03,Con,,23.65,22.46
2025-02-03,Grn,,7.95,8.15
2025-02-03,LD,,12.11,12.46
2025-02-03,Lab,,25.59,25.53
2025-02-03,Others,,2.45,2.80
2025-02-03,PC,,1.00,1.00
2025-02-03,Ref,,24.74,25.17
2025-02-03,SNP,,2.96,2.81
2025-02-04,Con,22.85,20.91,
2025-02-04,Grn,8.36,8.09,
2025-02-04,LD,12.57,12.52,
2025-02-04,Lab,25.78,25.20,
2025-02-04,Others,2.60,2.40,
2025-02-04,PC,0.93,1.00,
2025-02-04,Ref,24.49,25.73,
2025-02-04,SNP,2.75,2.92,
2025-02-05,Con,,19.00,22.57
2025-02-05,Grn,,8.19,8.16
2025-02-05,LD,,12.58,12.57
2025-02-05,Lab,,25.26,25.35
2025-02-05,Others,,2.57,2.86
2025-02-05,PC,,1.00,1.00
2025-02-05,Ref,,26.34,25.03
2025-02-05,SNP,,2.81,2.80
2025-02-06,Con,22.81,22.32,22.57
2025-02-06,Grn,8.37,8.15,8.16
2025-02-06,LD,12.61,12.42,12.57
2025-02-06,Lab,25.72,25.48,25.35
2025-02-06,Others,2.61,3.59,2.86
2025-02-06,PC,0.94,1.00,
2025-02-06,Ref,24.52,25.98,25.03
2025-02-06,SNP,2.75,2.57,2.80
2025-02-07,Con,,22.04,22.43
2025-02-07,Grn,,8.20,8.32
2025-02-07,LD,,11.98,12.43
2025-02-07,Lab,,26.01,25.26
2025-02-07,Others,,2.50,2.78
2025-02-07,PC,,1.00,1.00
2025-02-07,Ref,,25.97,25.28
2025-02-07,SNP,,2.75,2.81
2025-02-08,Con,22.78,22.00,
2025-02-08,Grn,8.38,8.27,
2025-02-08,LD,12.65,12.03,
2025-02-08,Lab,25.67,25.90,
2025-02-08,Others,2.62,2.16,
2025-02-08,PC,0.94,1.00,
2025-02-08,Ref,24.56,25.96,
2025-02-08,SNP,2.75,2.75,
2025-02-09,Con,,21.99,
2025-02-09,Grn,,8.34,
2025-02-09,LD,,12.25,
2025-02-09,Lab,,25.51,
2025-02-09,Others,,2.07,
2025-02-09,PC,,1.00,
2025-02-09,Ref,,26.00,
2025-02-09,SNP,,2.68,
2025-02-10,Con,22.72,21.93,22.15
2025-02-10,Grn,8.39,8.41,8.31
2025-02-10,LD,12.69,12.43,12.35
2025-02-10,Lab,25.61,25.03,25.22
2025-02-10,Others,2.63,2.08,2.58
2025-02-10,PC,0.94,1.00,1.00
2025-02-10,Ref,24.62,26.15,25.80
2025-02-10,SNP,2.74,2.62,2.66
2025-02-11,Con,,21.52,
2025-02-11,Grn,,8.47,
2025-02-11,LD,,12.33,
2025-02-11,Lab,,24.56,
2025-02-11,Others,,2.21,
2025-02-11,PC,,1.00,
2025-02-11,Ref,,26.54,
2025-02-11,SNP,,2.66,
2025-02-12,Con,22.68,21.19,22.05
2025-02-12,Grn,8.40,8.51,8.29
2025-02-12,LD,12.73,12.14,12.32
2025-02-12,Lab,25.54,24.46,25.45
2025-02-12,Others,2.64,2.64,2.53
2025-02-12,PC,0.94,1.00,0.89
2025-02-12,Ref,24.67,26.67,25.82
2025-02-12,SNP,2.74,2.63,2.69
2025-02-13,Con,,21.89,21.73
2025-02-13,Grn,,8.52,8.36
2025-02-13,LD,,12.02,12.50
2025-02-13,Lab,,25.28,25.26
2025-02-13,Others,,4.03,2.56
2025-02-13,PC,,1.00,
2025-02-13,Ref,,25.95,26.03
2025-02-13,SNP,,2.32,2.67
2025-02-14,Con,22.64,21.98,
2025-02-14,Grn,8.42,8.57,
2025-02-14,LD,12.77,11.91,
2025-02-14,Lab,25.49,25.64,
2025-02-14,Others,2.65,3.96,
2025-02-14,PC,0.94,1.00,
2025-02-14,Ref,24.70,25.59,
2025-02-14,SNP,2.74,2.25,
2025-02-15,Con,,22.00,
2025-02-15,Grn,,8.62,
2025-02-15,LD,,11.83,
2025-02-15,Lab,,25.78,
2025-02-15,Others,,3.45,
2025-02-15,PC,,1.00,
2025-02-15,Ref,,25.43,
2025-02-15,SNP,,2.28,
2025-02-16,Con,22.60,22.01,
2025-02-16,Grn,8.43,8.65,
2025-02-16,LD,12.81,11.77,
2025-02-16,Lab,25.43,25.78,
2025-02-16,Others,2.66,2.87,
2025-02-16,PC,0.95,1.00,
2025-02-16,Ref,24.74,25.43,
2025-02-16,SNP,2.74,2.33,
2025-02-17,Con,,22.08,21.87
2025-02-17,Grn,,8.61,8.42
2025-02-17,LD,,11.80,12.80
2025-02-17,Lab,,25.63,25.21
2025-02-17,Others,,2.46,2.28
2025-02-17,PC,,1.00,0.84
2025-02-17,Ref,,25.59,26.05
2025-02-17,SNP,,2.35,2.64
2025-02-18,Con,,22.54,21.87
2025-02-18,Grn,,8.48,8.42
2025-02-18,LD,,11.96,13.03
2025-02-18,Lab,,25.26,24.97
2025-02-18,Others,,2.76,2.50
2025-02-18,PC,,0.99,0.83
2025-02-18,Ref,,25.97,25.70
2025-02-18,SNP,,2.25,2.63
2025-02-19,Con,22.57,20.58,21.87
2025-02-19,Grn,8.44,8.45,8.42
2025-02-19,LD,12.85,12.11,13.03
2025-02-19,Lab,25.37,25.04,24.97
2025-02-19,Others,2.67,2.68,2.50
2025-02-19,PC,0.95,0.95,0.83
2025-02-19,Ref,24.76,26.33,25.70
2025-02-19,SNP,2.73,2.34,2.63
2025-02-20,Con,,21.70,22.03
2025-02-20,Grn,,8.31,8.28
2025-02-20,LD,,12.31,13.12
2025-02-20,Lab,,25.49,24.98
2025-02-20,Others,,3.62,2.45
2025-02-20,PC,,0.50,
2025-02-20,Ref,,26.08,25.67
2025-02-20,SNP,,2.69,2.62
2025-02-21,Con,22.53,21.21,21.98
2025-02-21,Grn,8.45,8.27,8.30
2025-02-21,LD,12.90,12.67,13.18
2025-02-21,Lab,25.32,26.25,25.06
2025-02-21,Others,2.68,2.51,2.50
2025-02-21,PC,0.95,0.07,0.83
2025-02-21,Ref,24.78,25.87,25.63
2025-02-21,SNP,2.73,2.81,2.65
2025-02-22,Con,,21.86,
2025-02-22,Grn,,8.24,
2025-02-22,LD,,13.35,
2025-02-22,Lab,,25.89,
2025-02-22,Others,,2.15,
2025-02-22,PC,,0.17,
2025-02-22,Ref,,25.60,
2025-02-22,SNP,,2.77,
2025-02-23,Con,22.50,22.63,
2025-02-23,Grn,8.47,8.23,
2025-02-23,LD,12.94,14.03,
2025-02-23,Lab,25.26,25.14,
2025-02-23,Others,2.69,2.02,
2025-02-23,PC,0.95,0.33,
2025-02-23,Ref,24.80,25.37,
2025-02-23,SNP,2.73,2.70,
2025-02-24,Con,,23.24,21.93
2025-02-24,Grn,,8.24,8.29
2025-02-24,LD,,14.41,13.24
2025-02-24,Lab,,24.47,25.26
2025-02-24,Others,,1.93,2.45
2025-02-24,PC,,0.51,0.83
2025-02-24,Ref,,25.28,25.48
2025-02-24,SNP,,2.64,2.65
2025-02-25,Con,22.47,22.49,
2025-02-25,Grn,8.48,8.26,
2025-02-25,LD,12.98,14.02,
2025-02-25,Lab,25.21,24.43,
2025-02-25,Others,2.71,1.74,
2025-02-25,PC,0.95,0.75,
2025-02-25,Ref,24.82,25.48,
2025-02-25,SNP,2.73,2.70,
2025-02-26,Con,,21.70,21.79
2025-02-26,Grn,,8.27,8.27
2025-02-26,LD,,13.50,13.15
2025-02-26,Lab,,24.66,25.46
2025-02-26,Others,,1.91,2.41
2025-02-26,PC,,0.97,0.85
2025-02-26,Ref,,25.48,25.59
2025-02-26,SNP,,2.72,2.68
2025-02-27,Con,22.44,21.97,21.90
2025-02-27,Grn,8.49,8.22,8.21
2025-02-27,LD,13.03,13.48,13.19
2025-02-27,Lab,25.16,24.99,25.49
2025-02-27,Others,2.71,3.42,2.44
2025-02-27,PC,0.95,1.00,
2025-02-27,Ref,24.83,24.74,25.46
2025-02-27,SNP,2.72,2.53,2.69
2025-02-28,Con,,22.09,21.99
2025-02-28,Grn,,8.19,8.12
2025-02-28,LD,,13.70,13.42
2025-02-28,Lab,,24.69,25.35
2025-02-28,Others,,4.08,2.54
2025-02-28,PC,,1.00,0.86
2025-02-28,Ref,,23.91,25.24
2025-02-28,SNP,,2.73,2.68
2025-03-01,Con,22.40,22.71,
2025-03-01,Grn,8.51,8.17,
2025-03-01,LD,13.07,13.77,
2025-03-01,Lab,25.11,24.81,
2025-03-01,Others,2.72,3.36,
2025-03-01,PC,0.95,1.00,
2025-03-01,Ref,24.85,24.15,
2025-03-01,SNP,2.72,2.73,
2025-03-02,Con,,23.09,21.98
2025-03-02,Grn,,8.20,8.17
2025-03-02,LD,,13.72,13.45
2025-03-02,Lab,,25.14,25.37
2025-03-02,Others,,2.44,2.52
2025-03-02,PC,,1.00,0.85
2025-03-02,Ref,,24.71,25.16
2025-03-02,SNP,,2.71,2.76
2025-03-03,Con,22.36,21.29,21.98
2025-03-03,Grn,8.52,8.32,8.17
2025-03-03,LD,13.12,13.54,13.54
2025-03-03,Lab,25.07,25.56,25.46
2025-03-03,Others,2.73,2.17,2.47
2025-03-03,PC,0.95,1.00,0.85
2025-03-03,Ref,24.87,24.98,25.06
2025-03-03,SNP,2.72,2.85,2.71
2025-03-04,Con,,21.04,
2025-03-04,Grn,,8.38,
2025-03-04,LD,,13.13,
2025-03-04,Lab,,25.70,
2025-03-04,Others,,2.15,
2025-03-04,PC,,1.00,
2025-03-04,Ref,,25.24,
2025-03-04,SNP,,2.87,
2025-03-05,Con,,20.99,22.05
2025-03-05,Grn,,8.37,8.19
2025-03-05,LD,,12.78,13.66
2025-03-05,Lab,,25.98,25.26
2025-03-05,Others,,2.36,2.51
2025-03-05,PC,,1.00,0.93
2025-03-05,Ref,,25.42,24.99
2025-03-05,SNP,,2.80,2.69
2025-03-06,Con,22.33,20.92,22.05
2025-03-06,Grn,8.53,8.25,8.19
2025-03-06,LD,13.16,12.81,13.66
2025-03-06,Lab,25.03,26.87,25.26
2025-03-06,Others,2.73,3.09,2.51
2025-03-06,PC,0.95,1.00,
2025-03-06,Ref,24.89,25.37,24.99
2025-03-06,SNP,2.72,2.58,2.69
2025-03-07,Con,,20.40,22.25
2025-03-07,Grn,,8.21,8.35
2025-03-07,LD,,12.75,13.01
2025-03-07,Lab,,27.05,25.63
2025-03-07,Others,,2.47,2.62
2025-03-07,PC,,1.00,1.00
2025-03-07,Ref,,25.47,24.66
2025-03-07,SNP,,2.80,2.69
2025-03-08,Con,22.30,21.99,
2025-03-08,Grn,8.54,8.19,
2025-03-08,LD,13.20,13.06,
2025-03-08,Lab,24.99,26.62,
2025-03-08,Others,2.73,2.56,
2025-03-08,PC,0.95,1.00,
2025-03-08,Ref,24.90,25.00,
2025-03-08,SNP,2.71,2.87,
2025-03-09,Con,,23.52,22.27
2025-03-09,Grn,,8.21,8.41
2025-03-09,LD,,13.40,13.12
2025-03-09,Lab,,25.94,25.56
2025-03-09,Others,,2.74,2.77
2025-03-09,PC,,1.00,1.00
2025-03-09,Ref,,24.53,24.46
2025-03-09,SNP,,2.84,2.67
2025-03-10,Con,22.27,22.54,22.32
2025-03-10,Grn,8.56,8.32,8.37
2025-03-10,LD,13.24,13.44,13.17
2025-03-10,Lab,24.94,25.22,25.61
2025-03-10,Others,2.74,2.55,2.77
2025-03-10,PC,0.95,1.00,1.00
2025-03-10,Ref,24.90,24.63,24.36
2025-03-10,SNP,2.71,2.69,2.67
2025-03-11,Con,,21.79,
2025-03-11,Grn,,8.42,
2025-03-11,LD,,12.97,
2025-03-11,Lab,,24.96,
2025-03-11,Others,,2.42,
2025-03-11,PC,,1.00,
2025-03-11,Ref,,24.95,
2025-03-11,SNP,,2.69,
2025-03-12,Con,22.24,21.24,22.24
2025-03-12,Grn,8.58,8.46,8.36
2025-03-12,LD,13.29,12.61,13.11
2025-03-12,Lab,24.90,25.15,25.74
2025-03-12,Others,2.74,2.54,2.65
2025-03-12,PC,0.95,1.00,1.00
2025-03-12,Ref,24.91,25.07,24.69
2025-03-12,SNP,2.71,2.65,2.67
2025-03-13,Con,,21.95,22.10
2025-03-13,Grn,,8.39,8.51
2025-03-13,LD,,13.03,13.02
2025-03-13,Lab,,26.07,25.81
2025-03-13,Others,,3.46,2.72
2025-03-13,PC,,1.00,
2025-03-13,Ref,,24.49,24.62
2025-03-13,SNP,,2.33,2.69
2025-03-14,Con,22.21,22.43,
2025-03-14,Grn,8.59,8.42,
2025-03-14,LD,13.33,12.99,
2025-03-14,Lab,24.85,26.40,
2025-03-14,Others,2.75,3.58,
2025-03-14,PC,0.95,1.00,
2025-03-14,Ref,24.92,24.09,
2025-03-14,SNP,2.71,2.27,
2025-03-15,Con,,22.87,
2025-03-15,Grn,,8.51,
2025-03-15,LD,,12.75,
2025-03-15,Lab,,26.42,
2025-03-15,Others,,3.44,
2025-03-15,PC,,1.00,
2025-03-15,Ref,,23.83,
2025-03-15,SNP,,2.31,
2025-03-16,Con,22.16,23.28,
2025-03-16,Grn,8.61,8.64,
2025-03-16,LD,13.37,12.51,
2025-03-16,Lab,24.80,26.23,
2025-03-16,Others,2.75,3.22,
2025-03-16,PC,0.95,1.00,
2025-03-16,Ref,24.95,23.74,
2025-03-16,SNP,2.71,2.41,
2025-03-17,Con,,23.50,22.58
2025-03-17,Grn,,8.78,8.72
2025-03-17,LD,,12.45,13.22
2025-03-17,Lab,,25.78,25.28
2025-03-17,Others,,2.96,2.70
2025-03-17,PC,,1.00,1.00
2025-03-17,Ref,,23.90,24.22
2025-03-17,SNP,,2.52,2.73
2025-03-18,Con,22.11,22.40,
2025-03-18,Grn,8.63,8.91,
2025-03-18,LD,13.40,12.86,
2025-03-18,Lab,24.76,24.88,
2025-03-18,Others,2.76,2.65,
2025-03-18,PC,0.95,1.00,
2025-03-18,Ref,24.98,24.48,
2025-03-18,SNP,2.72,2.65,
2025-03-19,Con,,21.41,22.69
2025-03-19,Grn,,8.96,8.77
2025-03-19,LD,,13.33,13.17
2025-03-19,Lab,,24.38,25.09
2025-03-19,Others,,2.57,2.71
2025-03-19,PC,,1.00,1.00
2025-03-19,Ref,,24.92,24.27
2025-03-19,SNP,,2.71,2.74
2025-03-20,Con,22.07,22.55,22.63
2025-03-20,Grn,8.65,8.86,8.86
2025-03-20,LD,13.44,13.47,13.13
2025-03-20,Lab,24.71,25.39,25.04
2025-03-20,Others,2.76,3.33,2.70
2025-03-20,PC,0.95,1.00,
2025-03-20,Ref,25.00,24.59,24.33
2025-03-20,SNP,2.72,2.55,2.73
2025-03-21,Con,,21.33,22.70
2025-03-21,Grn,,8.90,8.96
2025-03-21,LD,,13.34,13.00
2025-03-21,Lab,,25.38,24.84
2025-03-21,Others,,3.10,2.80
2025-03-21,PC,,1.00,1.00
2025-03-21,Ref,,24.84,24.33
2025-03-21,SNP,,2.81,2.73
2025-03-22,Con,,21.88,
2025-03-22,Grn,,9.00,
2025-03-22,LD,,13.39,
2025-03-22,Lab,,24.96,
2025-03-22,Others,,3.02,
2025-03-22,PC,,1.00,
2025-03-22,Ref,,24.68,
2025-03-22,SNP,,2.91,
2025-03-23,Con,22.00,22.64,
2025-03-23,Grn,8.67,9.12,
2025-03-23,LD,13.48,13.46,
2025-03-23,Lab,24.66,24.42,
2025-03-23,Others,2.76,2.97,
2025-03-23,PC,0.95,1.00,
2025-03-23,Ref,25.07,24.39,
2025-03-23,SNP,2.72,2.96,
2025-03-24,Con,,23.28,22.77
2025-03-24,Grn,,9.22,9.00
2025-03-24,LD,,13.43,13.05
2025-03-24,Lab,,23.94,24.58
2025-03-24,Others,,2.86,2.94
2025-03-24,PC,,1.00,1.00
2025-03-24,Ref,,24.25,24.36
2025-03-24,SNP,,2.97,2.74
2025-03-25,Con,21.90,22.76,
2025-03-25,Grn,8.69,9.28,
2025-03-25,LD,13.51,13.12,
2025-03-25,Lab,24.60,23.73,
2025-03-25,Others,2.77,2.54,
2025-03-25,PC,0.95,1.00,
2025-03-25,Ref,25.17,24.56,
2025-03-25,SNP,2.72,2.95,
2025-03-26,Con,,22.26,22.77
2025-03-26,Grn,,9.24,9.00
2025-03-26,LD,,12.86,13.05
2025-03-26,Lab,,23.83,24.58
2025-03-26,Others,,2.29,2.94
2025-03-26,PC,,1.00,1.00
2025-03-26,Ref,,24.90,24.36
2025-03-26,SNP,,2.90,2.74
2025-03-27,Con,21.84,23.15,22.94
2025-03-27,Grn,8.71,9.09,8.83
2025-03-27,LD,13.55,13.03,13.08
2025-03-27,Lab,24.55,24.46,24.47
2025-03-27,Others,2.77,2.47,2.94
2025-03-27,PC,0.95,1.00,1.00
2025-03-27,Ref,25.22,24.83,24.51
2025-03-27,SNP,2.73,2.76,2.71
2025-03-28,Con,,22.23,22.72
2025-03-28,Grn,,9.01,8.75
2025-03-28,LD,,12.73,13.83
2025-03-28,Lab,,24.43,24.07
2025-03-28,Others,,2.59,2.82
2025-03-28,PC,,1.00,0.94
2025-03-28,Ref,,25.25,24.66
2025-03-28,SNP,,2.83,2.71
2025-03-29,Con,21.74,22.53,
2025-03-29,Grn,8.73,8.93,
2025-03-29,LD,13.58,12.78,
2025-03-29,Lab,24.48,24.03,
2025-03-29,Others,2.77,2.86,
2025-03-29,PC,0.95,1.00,
2025-03-29,Ref,25.32,25.22,
2025-03-29,SNP,2.73,2.77,
2025-03-30,Con,,22.99,
2025-03-30,Grn,,8.84,
2025-03-30,LD,,12.96,
2025-03-30,Lab,,23.55,
2025-03-30,Others,,3.17,
2025-03-30,PC,,1.00,
2025-03-30,Ref,,25.02,
2025-03-30,SNP,,2.66,
2025-03-31,Con,21.69,23.43,22.68
2025-03-31,Grn,8.76,8.75,8.80
2025-03-31,LD,13.62,13.13,13.87
2025-03-31,Lab,24.43,23.21,23.92
2025-03-31,Others,2.77,3.47,2.91
2025-03-31,PC,0.95,1.00,0.94
2025-03-31,Ref,25.35,24.88,24.66
2025-03-31,SNP,2.73,2.54,2.71
2025-04-01,Con,,23.49,22.75
2025-04-01,Grn,,8.63,8.73
2025-04-01,LD,,13.12,13.80
2025-04-01,Lab,,23.32,24.00
2025-04-01,Others,,3.73,2.91
2025-04-01,PC,,1.00,0.94
2025-04-01,Ref,,25.07,24.66
2025-04-01,SNP,,2.46,2.71
2025-04-02,Con,21.58,20.88,22.75
2025-04-02,Grn,8.78,8.57,8.73
2025-04-02,LD,13.65,13.16,13.80
2025-04-02,Lab,24.36,22.99,24.00
2025-04-02,Others,2.78,3.60,2.91
2025-04-02,PC,0.94,0.99,0.94
2025-04-02,Ref,25.47,25.65,24.66
2025-04-02,SNP,2.73,2.71,2.71
2025-04-03,Con,,22.89,22.75
2025-04-03,Grn,,8.33,8.73
2025-04-03,LD,,13.29,13.80
2025-04-03,Lab,,23.30,24.00
2025-04-03,Others,,4.35,2.91
2025-04-03,PC,,0.90,
2025-04-03,Ref,,25.37,24.66
2025-04-03,SNP,,2.76,2.71
2025-04-04,Con,21.47,24.30,
2025-04-04,Grn,8.80,8.11,
2025-04-04,LD,13.69,13.55,
2025-04-04,Lab,24.30,23.16,
2025-04-04,Others,2.78,4.12,
2025-04-04,PC,0.94,0.80,
2025-04-04,Ref,25.60,25.59,
2025-04-04,SNP,2.72,2.62,
2025-04-05,Con,,25.56,
2025-04-05,Grn,,7.97,
2025-04-05,LD,,13.92,
2025-04-05,Lab,,22.91,
2025-04-05,Others,,3.59,
2025-04-05,PC,,0.70,
2025-04-05,Ref,,25.91,
2025-04-05,SNP,,2.44,
2025-04-06,Con,21.39,26.24,22.35
2025-04-06,Grn,8.83,7.97,8.76
2025-04-06,LD,13.72,14.42,13.85
2025-04-06,Lab,24.23,22.82,24.17
2025-04-06,Others,2.77,2.94,3.00
2025-04-06,PC,0.94,0.60,
2025-04-06,Ref,25.68,25.94,24.57
2025-04-06,SNP,2.72,2.34,2.70
2025-04-07,Con,,22.93,22.23
2025-04-07,Grn,,8.18,8.84
2025-04-07,LD,,15.12,13.84
2025-04-07,Lab,,23.26,24.03
2025-04-07,Others,,2.19,3.08
2025-04-07,PC,,0.54,1.04
2025-04-07,Ref,,25.23,24.69
2025-04-07,SNP,,2.49,2.71
2025-04-08,Con,,21.84,
2025-04-08,Grn,,8.40,
2025-04-08,LD,,14.90,
2025-04-08,Lab,,23.22,
2025-04-08,Others,,2.49,
2025-04-08,PC,,0.75,
2025-04-08,Ref,,25.15,
2025-04-08,SNP,,2.64,
2025-04-09,Con,21.28,21.24,22.25
2025-04-09,Grn,8.85,8.54,8.85
2025-04-09,LD,13.75,14.38,14.06
2025-04-09,Lab,24.16,23.32,23.88
2025-04-09,Others,2.77,3.14,3.16
2025-04-09,PC,0.94,0.98,1.04
2025-04-09,Ref,25.80,25.21,24.48
2025-04-09,SNP,2.72,2.70,2.68
2025-04-10,Con,,21.89,22.25
2025-04-10,Grn,,8.51,8.85
2025-04-10,LD,,14.05,14.06
2025-04-10,Lab,,24.27,23.88
2025-04-10,Others,,3.99,3.16
2025-04-10,PC,,1.00,
2025-04-10,Ref,,24.99,24.48
2025-04-10,SNP,,2.54,2.68
2025-04-11,Con,21.16,21.99,22.18
2025-04-11,Grn,8.87,8.51,8.73
2025-04-11,LD,13.78,13.25,14.13
2025-04-11,Lab,24.09,25.40,23.98
2025-04-11,Others,2.78,3.33,3.18
2025-04-11,PC,0.94,1.01,1.05
2025-04-11,Ref,25.94,25.13,24.60
2025-04-11,SNP,2.72,2.78,2.71
2025-04-12,Con,,22.06,
2025-04-12,Grn,,8.62,
2025-04-12,LD,,13.07,
2025-04-12,Lab,,25.50,
2025-04-12,Others,,3.17,
2025-04-12,PC,,1.07,
2025-04-12,Ref,,24.95,
2025-04-12,SNP,,2.85,
2025-04-13,Con,21.04,22.11,
2025-04-13,Grn,8.90,8.79,
2025-04-13,LD,13.80,13.17,
2025-04-13,Lab,24.03,25.11,
2025-04-13,Others,2.77,3.15,
2025-04-13,PC,0.95,1.13,
2025-04-13,Ref,26.09,24.75,
2025-04-13,SNP,2.71,2.86,
2025-04-14,Con,,22.04,21.80
2025-04-14,Grn,,8.96,8.97
2025-04-14,LD,,13.40,14.45
2025-04-14,Lab,,24.45,23.85
2025-04-14,Others,,3.16,2.98
2025-04-14,PC,,1.18,0.98
2025-04-14,Ref,,24.83,24.72
2025-04-14,SNP,,2.86,2.72
2025-04-15,Con,20.93,21.11,
2025-04-15,Grn,8.92,9.08,
2025-04-15,LD,13.83,13.63,
2025-04-15,Lab,23.96,23.58,
2025-04-15,Others,2.76,3.12,
2025-04-15,PC,0.95,1.10,
2025-04-15,Ref,26.21,25.58,
2025-04-15,SNP,2.71,2.91,
2025-04-16,Con,,20.24,21.74
2025-04-16,Grn,,9.15,8.98
2025-04-16,LD,,13.82,14.19
2025-04-16,Lab,,22.81,24.01
2025-04-16,Others,,3.10,2.91
2025-04-16,PC,,1.01,0.99
2025-04-16,Ref,,26.37,24.82
2025-04-16,SNP,,2.96,2.74
2025-04-17,Con,20.82,20.63,
2025-04-17,Grn,8.95,9.16,
2025-04-17,LD,13.86,13.92,
2025-04-17,Lab,23.89,22.56,
2025-04-17,Others,2.76,3.23,
2025-04-17,PC,0.95,1.00,
2025-04-17,Ref,26.33,26.55,
2025-04-17,SNP,2.71,2.98,
2025-04-18,Con,,21.20,
2025-04-18,Grn,,9.15,
2025-04-18,LD,,13.99,
2025-04-18,Lab,,22.55,
2025-04-18,Others,,3.39,
2025-04-18,PC,,1.00,
2025-04-18,Ref,,26.42,
2025-04-18,SNP,,2.99,
2025-04-19,Con,20.69,21.79,
2025-04-19,Grn,8.97,9.13,
2025-04-19,LD,13.88,14.04,
2025-04-19,Lab,23.82,22.63,
2025-04-19,Others,2.76,3.55,
2025-04-19,PC,0.95,1.00,
2025-04-19,Ref,26.49,26.16,
2025-04-19,SNP,2.70,2.99,
2025-04-20,Con,,22.34,
2025-04-20,Grn,,9.13,
2025-04-20,LD,,14.12,
2025-04-20,Lab,,22.74,
2025-04-20,Others,,3.64,
2025-04-20,PC,,1.00,
2025-04-20,Ref,,25.87,
2025-04-20,SNP,,2.98,
2025-04-21,Con,20.56,22.55,21.18
2025-04-21,Grn,8.98,9.18,9.29
2025-04-21,LD,13.89,14.26,13.82
2025-04-21,Lab,23.77,22.80,23.98
2025-04-21,Others,2.74,3.50,2.97
2025-04-21,PC,0.95,0.99,1.05
2025-04-21,Ref,26.64,25.69,25.10
2025-04-21,SNP,2.70,2.96,2.82
2025-04-22,Con,,20.38,21.02
2025-04-22,Grn,,9.32,9.25
2025-04-22,LD,,14.52,13.75
2025-04-22,Lab,,22.75,24.07
2025-04-22,Others,,2.62,2.89
2025-04-22,PC,,0.91,0.96
2025-04-22,Ref,,25.76,25.25
2025-04-22,SNP,,2.91,2.83
2025-04-23,Con,,20.18,21.02
2025-04-23,Grn,,9.40,9.25
2025-04-23,LD,,14.06,13.75
2025-04-23,Lab,,22.52,24.07
2025-04-23,Others,,2.66,2.89
2025-04-23,PC,,0.14,0.96
2025-04-23,Ref,,26.11,25.25
2025-04-23,SNP,,2.80,2.83
2025-04-24,Con,20.43,20.90,21.02
2025-04-24,Grn,9.00,9.24,9.19
2025-04-24,LD,13.91,13.64,13.81
2025-04-24,Lab,23.71,23.91,24.02
2025-04-24,Others,2.73,3.69,2.90
2025-04-24,PC,0.95,0.51,
2025-04-24,Ref,26.79,25.78,25.34
2025-04-24,SNP,2.70,2.53,2.84
2025-04-25,Con,,21.12,20.45
2025-04-25,Grn,,9.16,8.84
2025-04-25,LD,,13.03,13.68
2025-04-25,Lab,,24.61,23.90
2025-04-25,Others,,2.78,2.82
2025-04-25,PC,,0.95,0.83
2025-04-25,Ref,,25.72,26.62
2025-04-25,SNP,,2.67,2.88
2025-04-26,Con,20.30,21.94,
2025-04-26,Grn,9.02,9.10,
2025-04-26,LD,13.94,13.42,
2025-04-26,Lab,23.64,24.42,
2025-04-26,Others,2.72,3.02,
2025-04-26,PC,0.96,1.00,
2025-04-26,Ref,26.94,25.56,
2025-04-26,SNP,2.70,2.56,
2025-04-27,Con,,22.48,19.95
2025-04-27,Grn,,9.07,8.99
2025-04-27,LD,,14.02,13.93
2025-04-27,Lab,,23.85,23.63
2025-04-27,Others,,3.30,2.56
2025-04-27,PC,,1.00,0.85
2025-04-27,Ref,,25.61,27.09
2025-04-27,SNP,,2.48,2.89
2025-04-28,Con,20.17,20.28,19.84
2025-04-28,Grn,9.04,9.12,8.94
2025-04-28,LD,13.95,14.13,13.87
2025-04-28,Lab,23.59,23.20,23.49
2025-04-28,Others,2.71,2.55,2.64
2025-04-28,PC,0.96,1.00,0.78
2025-04-28,Ref,27.09,26.25,27.46
2025-04-28,SNP,2.70,2.78,2.90
2025-04-29,Con,,19.56,
2025-04-29,Grn,,9.18,
2025-04-29,LD,,13.82,
2025-04-29,Lab,,22.67,
2025-04-29,Others,,2.60,
2025-04-29,PC,,1.00,
2025-04-29,Ref,,26.97,
2025-04-29,SNP,,2.90,
2025-04-30,Con,20.04,19.18,19.84
2025-04-30,Grn,9.06,9.18,8.94
2025-04-30,LD,13.97,13.43,13.87
2025-04-30,Lab,23.54,22.56,23.49
2025-04-30,Others,2.70,2.81,2.64
2025-04-30,PC,0.96,0.98,0.78
2025-04-30,Ref,27.24,27.51,27.46
2025-04-30,SNP,2.70,2.96,2.90
2025-05-01,Con,,19.76,
2025-05-01,Grn,,9.06,
2025-05-01,LD,,13.24,
2025-05-01,Lab,,23.45,
2025-05-01,Others,,2.73,
2025-05-01,PC,,0.75,
2025-05-01,Ref,,27.49,
2025-05-01,SNP,,2.98,
2025-05-02,Con,19.91,20.42,19.54
2025-05-02,Grn,9.07,8.91,8.91
2025-05-02,LD,13.97,13.28,14.06
2025-05-02,Lab,23.51,24.31,23.49
2025-05-02,Others,2.69,2.63,2.50
2025-05-02,PC,0.96,0.55,0.80
2025-05-02,Ref,27.37,27.39,27.82
2025-05-02,SNP,2.70,2.99,2.86
2025-05-03,Con,,20.68,
2025-05-03,Grn,,8.81,
2025-05-03,LD,,13.72,
2025-05-03,Lab,,24.09,
2025-05-03,Others,,2.73,
2025-05-03,PC,,0.75,
2025-05-03,Ref,,27.60,
2025-05-03,SNP,,3.00,
2025-05-04,Con,19.80,20.57,19.33
2025-05-04,Grn,9.09,8.78,8.74
2025-05-04,LD,13.97,14.13,13.92
2025-05-04,Lab,23.48,23.61,23.57
2025-05-04,Others,2.68,2.79,2.53
2025-05-04,PC,0.96,0.98,0.83
2025-05-04,Ref,27.49,28.13,28.25
2025-05-04,SNP,2.71,3.00,2.85
2025-05-05,Con,,18.23,19.19
2025-05-05,Grn,,8.80,8.79
2025-05-05,LD,,14.13,13.97
2025-05-05,Lab,,23.52,23.43
2025-05-05,Others,,2.55,2.53
2025-05-05,PC,,1.00,0.83
2025-05-05,Ref,,29.08,28.44
2025-05-05,SNP,,3.00,2.85
2025-05-06,Con,19.65,17.10,18.98
2025-05-06,Grn,9.10,8.94,8.86
2025-05-06,LD,13.99,14.67,14.11
2025-05-06,Lab,23.44,22.47,23.36
2025-05-06,Others,2.67,1.64,2.61
2025-05-06,PC,0.97,0.99,0.83
2025-05-06,Ref,27.64,29.68,28.65
2025-05-06,SNP,2.71,3.00,2.78
2025-05-07,Con,,16.52,18.98
2025-05-07,Grn,,9.01,8.86
2025-05-07,LD,,14.56,14.11
2025-05-07,Lab,,21.74,23.36
2025-05-07,Others,,1.69,2.61
2025-05-07,PC,,0.91,0.83
2025-05-07,Ref,,30.54,28.65
2025-05-07,SNP,,3.00,2.78
2025-05-08,Con,19.53,18.65,18.77
2025-05-08,Grn,9.11,8.95,8.90
2025-05-08,LD,13.99,14.25,14.06
2025-05-08,Lab,23.41,22.11,23.33
2025-05-08,Others,2.66,2.78,2.53
2025-05-08,PC,0.97,0.12,0.82
2025-05-08,Ref,27.77,30.50,28.89
2025-05-08,SNP,2.71,2.99,2.82
2025-05-09,Con,,18.95,
2025-05-09,Grn,,8.91,
2025-05-09,LD,,14.29,
2025-05-09,Lab,,22.23,
2025-05-09,Others,,2.79,
2025-05-09,PC,,0.26,
2025-05-09,Ref,,30.64,
2025-05-09,SNP,,2.98,
2025-05-10,Con,,18.99,
2025-05-10,Grn,,8.91,
2025-05-10,LD,,14.48,
2025-05-10,Lab,,22.29,
2025-05-10,Others,,2.49,
2025-05-10,PC,,0.50,
2025-05-10,Ref,,30.78,
2025-05-10,SNP,,2.95,
2025-05-11,Con,19.40,18.97,18.46
2025-05-11,Grn,9.12,8.97,8.93
2025-05-11,LD,14.00,14.65,14.25
2025-05-11,Lab,23.39,22.43,23.19
2025-05-11,Others,2.65,2.17,2.41
2025-05-11,PC,0.97,0.75,
2025-05-11,Ref,27.90,30.71,29.30
2025-05-11,SNP,2.71,2.87,2.67
2025-05-12,Con,,18.79,18.39
2025-05-12,Grn,,9.09,8.93
2025-05-12,LD,,14.66,14.33
2025-05-12,Lab,,22.84,23.13
2025-05-12,Others,,2.10,2.48
2025-05-12,PC,,0.97,0.83
2025-05-12,Ref,,30.16,29.33
2025-05-12,SNP,,2.70,2.64
2025-05-13,Con,19.29,17.53,
2025-05-13,Grn,9.14,9.26,
2025-05-13,LD,13.99,14.50,
2025-05-13,Lab,23.38,22.51,
2025-05-13,Others,2.64,2.19,
2025-05-13,PC,0.97,1.00,
2025-05-13,Ref,28.00,30.41,
2025-05-13,SNP,2.72,2.69,
2025-05-14,Con,,16.46,18.03
2025-05-14,Grn,,9.39,9.10
2025-05-14,LD,,14.34,14.63
2025-05-14,Lab,,22.19,22.66
2025-05-14,Others,,2.56,2.47
2025-05-14,PC,,1.00,0.91
2025-05-14,Ref,,30.62,29.81
2025-05-14,SNP,,2.62,2.58
2025-05-15,Con,19.14,17.79,17.85
2025-05-15,Grn,9.15,9.40,9.16
2025-05-15,LD,14.00,14.34,14.61
2025-05-15,Lab,23.34,22.64,22.64
2025-05-15,Others,2.63,3.75,2.44
2025-05-15,PC,0.97,1.00,
2025-05-15,Ref,28.17,29.97,29.97
2025-05-15,SNP,2.72,2.27,2.55
2025-05-16,Con,,17.99,17.91
2025-05-16,Grn,,9.45,9.30
2025-05-16,LD,,14.02,14.73
2025-05-16,Lab,,23.49,22.37
2025-05-16,Others,,3.09,2.42
2025-05-16,PC,,1.00,0.90
2025-05-16,Ref,,29.67,30.03
2025-05-16,SNP,,2.11,2.47
2025-05-17,Con,19.06,18.16,
2025-05-17,Grn,9.16,9.46,
2025-05-17,LD,13.99,14.19,
2025-05-17,Lab,23.34,23.38,
2025-05-17,Others,2.63,2.55,
2025-05-17,PC,0.97,1.00,
2025-05-17,Ref,28.24,29.61,
2025-05-17,SNP,2.73,2.05,
2025-05-18,Con,,18.31,
2025-05-18,Grn,,9.45,
2025-05-18,LD,,14.54,
2025-05-18,Lab,,22.87,
2025-05-18,Others,,2.10,
2025-05-18,PC,,1.00,
2025-05-18,Ref,,29.72,
2025-05-18,SNP,,2.02,
2025-05-19,Con,18.95,18.30,17.84
2025-05-19,Grn,9.17,9.45,9.44
2025-05-19,LD,13.98,14.83,14.65
2025-05-19,Lab,23.33,22.27,22.49
2025-05-19,Others,2.62,1.80,2.51
2025-05-19,PC,0.97,1.00,0.90
2025-05-19,Ref,28.34,29.97,30.07
2025-05-19,SNP,2.73,2.01,2.33
2025-05-20,Con,,17.27,
2025-05-20,Grn,,9.48,
2025-05-20,LD,,14.80,
2025-05-20,Lab,,21.84,
2025-05-20,Others,,1.95,
2025-05-20,PC,,1.00,
2025-05-20,Ref,,30.39,
2025-05-20,SNP,,2.00,
2025-05-21,Con,18.86,16.31,17.77
2025-05-21,Grn,9.18,9.48,9.49
2025-05-21,LD,13.98,14.78,14.35
2025-05-21,Lab,23.32,21.63,22.69
2025-05-21,Others,2.62,2.39,2.47
2025-05-21,PC,0.98,1.00,0.91
2025-05-21,Ref,28.43,30.68,30.14
2025-05-21,SNP,2.74,2.00,2.30
2025-05-22,Con,,16.97,17.70
2025-05-22,Grn,,9.37,9.56
2025-05-22,LD,,15.15,14.32
2025-05-22,Lab,,21.83,22.73
2025-05-22,Others,,3.41,2.49
2025-05-22,PC,,1.00,
2025-05-22,Ref,,30.48,30.04
2025-05-22,SNP,,2.00,2.27
2025-05-23,Con,18.76,17.50,
2025-05-23,Grn,9.19,9.29,
2025-05-23,LD,13.97,15.11,
2025-05-23,Lab,23.31,21.92,
2025-05-23,Others,2.62,3.56,
2025-05-23,PC,0.98,1.00,
2025-05-23,Ref,28.53,30.46,
2025-05-23,SNP,2.74,2.01,
2025-05-24,Con,,18.00,
2025-05-24,Grn,,9.24,
2025-05-24,LD,,14.87,
2025-05-24,Lab,,21.95,
2025-05-24,Others,,3.43,
2025-05-24,PC,,1.00,
2025-05-24,Ref,,30.51,
2025-05-24,SNP,,2.02,
2025-05-25,Con,18.68,18.48,
2025-05-25,Grn,9.20,9.25,
2025-05-25,LD,13.97,14.57,
2025-05-25,Lab,23.30,21.96,
2025-05-25,Others,2.62,3.19,
2025-05-25,PC,0.98,1.00,
2025-05-25,Ref,28.60,30.57,
2025-05-25,SNP,2.74,2.04,
2025-05-26,Con,,18.88,17.70
2025-05-26,Grn,,9.32,9.46
2025-05-26,LD,,14.30,14.06
2025-05-26,Lab,,21.93,22.92
2025-05-26,Others,,2.86,2.42
2025-05-26,PC,,1.00,1.02
2025-05-26,Ref,,30.57,30.00
2025-05-26,SNP,,2.09,2.44
2025-05-27,Con,,18.64,17.68
2025-05-27,Grn,,9.49,9.42
2025-05-27,LD,,14.17,14.14
2025-05-27,Lab,,21.87,22.76
2025-05-27,Others,,2.32,2.38
2025-05-27,PC,,0.99,1.02
2025-05-27,Ref,,30.40,30.08
2025-05-27,SNP,,2.22,2.47
2025-05-28,Con,18.59,16.49,17.68
2025-05-28,Grn,9.21,9.56,9.42
2025-05-28,LD,13.97,13.64,14.14
2025-05-28,Lab,23.28,22.36,22.76
2025-05-28,Others,2.63,2.26,2.38
2025-05-28,PC,0.98,0.92,1.02
2025-05-28,Ref,28.68,30.75,30.08
2025-05-28,SNP,2.74,2.50,2.47
2025-05-29,Con,,16.94,17.82
2025-05-29,Grn,,9.52,9.36
2025-05-29,LD,,13.42,14.13
2025-05-29,Lab,,23.08,22.68
2025-05-29,Others,,2.57,2.36
2025-05-29,PC,,0.18,1.02
2025-05-29,Ref,,30.65,30.16
2025-05-29,SNP,,2.41,2.45
2025-05-30,Con,18.53,17.10,17.85
2025-05-30,Grn,9.22,9.52,9.31
2025-05-30,LD,13.96,12.68,13.99
2025-05-30,Lab,23.27,23.85,22.85
2025-05-30,Others,2.64,2.25,2.39
2025-05-30,PC,0.98,0.93,1.11
2025-05-30,Ref,28.73,30.41,30.06
2025-05-30,SNP,2.74,2.25,2.57
2025-05-31,Con,,17.76,
2025-05-31,Grn,,9.48,
2025-05-31,LD,,12.76,
2025-05-31,Lab,,23.88,
2025-05-31,Others,,2.31,
2025-05-31,PC,,1.08,
2025-05-31,Ref,,29.96,
2025-05-31,SNP,,2.28,
2025-06-01,Con,18.44,18.45,
2025-06-01,Grn,9.24,9.42,
2025-06-01,LD,13.96,13.17,
2025-06-01,Lab,23.25,23.62,
2025-06-01,Others,2.65,2.45,
2025-06-01,PC,0.99,1.16,
2025-06-01,Ref,28.84,29.56,
2025-06-01,SNP,2.74,2.40,
2025-06-02,Con,,18.88,18.12
2025-06-02,Grn,,9.34,9.15
2025-06-02,LD,,13.58,13.70
2025-06-02,Lab,,23.33,23.19
2025-06-02,Others,,2.53,2.44
2025-06-02,PC,,1.23,1.10
2025-06-02,Ref,,29.48,29.75
2025-06-02,SNP,,2.57,2.67
2025-06-03,Con,18.38,17.39,
2025-06-03,Grn,9.25,9.26,
2025-06-03,LD,13.95,13.66,
2025-06-03,Lab,23.24,23.25,
2025-06-03,Others,2.66,2.27,
2025-06-03,PC,0.99,1.13,
2025-06-03,Ref,28.88,30.13,
2025-06-03,SNP,2.74,2.78,
2025-06-04,Con,,15.97,18.12
2025-06-04,Grn,,9.13,9.14
2025-06-04,LD,,13.75,13.59
2025-06-04,Lab,,23.16,23.24
2025-06-04,Others,,2.22,2.48
2025-06-04,PC,,1.02,1.09
2025-06-04,Ref,,30.83,29.77
2025-06-04,SNP,,2.83,2.69
2025-06-05,Con,18.34,17.04,18.12
2025-06-05,Grn,9.26,8.95,9.14
2025-06-05,LD,13.95,14.22,13.59
2025-06-05,Lab,23.23,22.87,23.24
2025-06-05,Others,2.68,3.24,2.48
2025-06-05,PC,0.99,1.10,
2025-06-05,Ref,28.92,30.92,29.77
2025-06-05,SNP,2.75,2.38,2.69
2025-06-06,Con,,18.33,
2025-06-06,Grn,,8.84,
2025-06-06,LD,,14.30,
2025-06-06,Lab,,22.48,
2025-06-06,Others,,3.12,
2025-06-06,PC,,1.20,
2025-06-06,Ref,,30.98,
2025-06-06,SNP,,2.21,
2025-06-07,Con,18.28,19.60,
2025-06-07,Grn,9.26,8.78,
2025-06-07,LD,13.95,14.20,
2025-06-07,Lab,23.21,22.19,
2025-06-07,Others,2.70,2.68,
2025-06-07,PC,1.00,1.30,
2025-06-07,Ref,28.97,30.91,
2025-06-07,SNP,2.75,2.19,
2025-06-08,Con,,20.50,18.08
2025-06-08,Grn,,8.78,9.33
2025-06-08,LD,,14.03,13.66
2025-06-08,Lab,,22.24,23.33
2025-06-08,Others,,2.26,2.52
2025-06-08,PC,,1.40,
2025-06-08,Ref,,30.57,29.22
2025-06-08,SNP,,2.33,2.89
2025-06-09,Con,18.24,18.78,18.17
2025-06-09,Grn,9.27,8.83,9.36
2025-06-09,LD,13.94,13.88,13.60
2025-06-09,Lab,23.20,23.07,23.35
2025-06-09,Others,2.72,2.22,2.48
2025-06-09,PC,1.00,1.46,1.14
2025-06-09,Ref,29.01,29.71,29.05
2025-06-09,SNP,2.75,2.71,2.92
2025-06-10,Con,,18.53,
2025-06-10,Grn,,8.90,
2025-06-10,LD,,13.43,
2025-06-10,Lab,,23.64,
2025-06-10,Others,,2.52,
2025-06-10,PC,,1.25,
2025-06-10,Ref,,29.28,
2025-06-10,SNP,,2.88,
2025-06-11,Con,,18.47,18.24
2025-06-11,Grn,,8.98,9.31
2025-06-11,LD,,12.95,13.77
2025-06-11,Lab,,23.97,23.24
2025-06-11,Others,,2.85,2.52
2025-06-11,PC,,1.02,1.15
2025-06-11,Ref,,29.14,28.93
2025-06-11,SNP,,2.96,2.98
2025-06-12,Con,18.20,18.26,
2025-06-12,Grn,9.27,9.07,
2025-06-12,LD,13.93,12.68,
2025-06-12,Lab,23.18,23.96,
2025-06-12,Others,2.76,2.95,
2025-06-12,PC,1.00,1.00,
2025-06-12,Ref,29.03,29.24,
2025-06-12,SNP,2.75,3.01,
2025-06-13,Con,,18.11,17.99
2025-06-13,Grn,,9.15,9.42
2025-06-13,LD,,12.62,13.78
2025-06-13,Lab,,23.78,23.26
2025-06-13,Others,,2.99,2.54
2025-06-13,PC,,1.00,1.08
2025-06-13,Ref,,29.32,29.02
2025-06-13,SNP,,3.06,3.05
2025-06-14,Con,18.16,18.51,
2025-06-14,Grn,9.28,9.25,
2025-06-14,LD,13.93,12.87,
2025-06-14,Lab,23.17,23.44,
2025-06-14,Others,2.78,3.00,
2025-06-14,PC,1.01,1.00,
2025-06-14,Ref,29.07,29.17,
2025-06-14,SNP,2.75,3.16,
2025-06-15,Con,,18.98,
2025-06-15,Grn,,9.35,
2025-06-15,LD,,13.21,
2025-06-15,Lab,,23.07,
2025-06-15,Others,,3.03,
2025-06-15,PC,,1.00,
2025-06-15,Ref,,28.95,
2025-06-15,SNP,,3.25,
2025-06-16,Con,18.12,19.33,18.41
2025-06-16,Grn,9.28,9.46,9.30
2025-06-16,LD,13.92,13.50,13.82
2025-06-16,Lab,23.15,22.75,23.38
2025-06-16,Others,2.81,3.10,2.61
2025-06-16,PC,1.01,1.00,1.08
2025-06-16,Ref,29.09,28.83,28.53
2025-06-16,SNP,2.75,3.27,2.96
2025-06-17,Con,,18.81,18.36
2025-06-17,Grn,,9.56,9.19
2025-06-17,LD,,13.55,13.59
2025-06-17,Lab,,22.60,23.66
2025-06-17,Others,,3.30,2.73
2025-06-17,PC,,1.00,1.07
2025-06-17,Ref,,29.02,28.52
2025-06-17,SNP,,3.11,2.91
2025-06-18,Con,18.10,17.30,18.36
2025-06-18,Grn,9.28,9.70,9.19
2025-06-18,LD,13.91,13.86,13.59
2025-06-18,Lab,23.13,22.82,23.66
2025-06-18,Others,2.85,2.47,2.73
2025-06-18,PC,1.01,1.00,1.07
2025-06-18,Ref,29.11,28.48,28.52
2025-06-18,SNP,2.75,3.05,2.91
2025-06-19,Con,,17.34,
2025-06-19,Grn,,9.75,
2025-06-19,LD,,14.10,
2025-06-19,Lab,,22.93,
2025-06-19,Others,,2.35,
2025-06-19,PC,,1.00,
2025-06-19,Ref,,28.11,
2025-06-19,SNP,,3.02,
2025-06-20,Con,18.08,17.61,
2025-06-20,Grn,9.28,9.74,
2025-06-20,LD,13.90,14.29,
2025-06-20,Lab,23.10,22.99,
2025-06-20,Others,2.91,2.44,
2025-06-20,PC,1.01,1.00,
2025-06-20,Ref,29.13,27.86,
2025-06-20,SNP,2.75,3.00,
2025-06-21,Con,,17.90,
2025-06-21,Grn,,9.68,
2025-06-21,LD,,14.43,
2025-06-21,Lab,,23.05,
2025-06-21,Others,,2.60,
2025-06-21,PC,,1.00,
2025-06-21,Ref,,27.71,
2025-06-21,SNP,,2.99,
2025-06-22,Con,18.07,18.19,
2025-06-22,Grn,9.28,9.59,
2025-06-22,LD,13.89,14.48,
2025-06-22,Lab,23.07,23.13,
2025-06-22,Others,2.94,2.75,
2025-06-22,PC,1.02,1.00,
2025-06-22,Ref,29.14,27.68,
2025-06-22,SNP,2.75,2.96,
2025-06-23,Con,,18.46,18.19
2025-06-23,Grn,,9.48,9.54
2025-06-23,LD,,14.38,13.73
2025-06-23,Lab,,23.30,23.56
2025-06-23,Others,,2.82,2.75
2025-06-23,PC,,1.00,1.00
2025-06-23,Ref,,27.81,28.27
2025-06-23,SNP,,2.91,2.94
2025-06-24,Con,18.05,18.49,
2025-06-24,Grn,9.27,9.37,
2025-06-24,LD,13.87,13.97,
2025-06-24,Lab,23.05,23.66,
2025-06-24,Others,2.98,2.61,
2025-06-24,PC,1.02,1.00,
2025-06-24,Ref,29.15,28.25,
2025-06-24,SNP,2.76,2.79,
2025-06-25,Con,,18.44,18.20
2025-06-25,Grn,,9.28,9.58
2025-06-25,LD,,13.68,13.85
2025-06-25,Lab,,23.96,23.53
2025-06-25,Others,,2.58,2.74
2025-06-25,PC,,1.00,1.00
2025-06-25,Ref,,28.59,28.15
2025-06-25,SNP,,2.71,2.94
2025-06-26,Con,18.03,18.07,18.24
2025-06-26,Grn,9.27,9.20,9.43
2025-06-26,LD,13.86,13.96,13.94
2025-06-26,Lab,23.03,23.91,23.51
2025-06-26,Others,3.03,3.41,2.70
2025-06-26,PC,1.02,1.00,
2025-06-26,Ref,29.15,28.41,28.27
2025-06-26,SNP,2.76,2.78,2.94
2025-06-27,Con,,18.07,18.12
2025-06-27,Grn,,9.20,9.30
2025-06-27,LD,,13.25,13.98
2025-06-27,Lab,,24.44,23.71
2025-06-27,Others,,3.37,2.74
2025-06-27,PC,,1.00,1.00
2025-06-27,Ref,,28.38,28.19
2025-06-27,SNP,,2.69,2.88
2025-06-28,Con,,18.42,
2025-06-28,Grn,,9.26,
2025-06-28,LD,,13.14,
2025-06-28,Lab,,24.29,
2025-06-28,Others,,3.14,
2025-06-28,PC,,1.00,
2025-06-28,Ref,,28.31,
2025-06-28,SNP,,2.73,
2025-06-29,Con,18.03,18.79,
2025-06-29,Grn,9.27,9.33,
2025-06-29,LD,13.85,13.35,
2025-06-29,Lab,23.01,23.86,
2025-06-29,Others,3.09,2.88,
2025-06-29,PC,1.02,1.00,
2025-06-29,Ref,29.15,28.29,
2025-06-29,SNP,2.77,2.83,
2025-06-30,Con,,18.96,18.20
2025-06-30,Grn,,9.39,9.04
2025-06-30,LD,,13.73,13.89
2025-06-30,Lab,,23.33,23.64
2025-06-30,Others,,2.68,2.99
2025-06-30,PC,,1.00,1.00
2025-06-30,Ref,,28.44,28.59
2025-06-30,SNP,,2.93,2.78
2025-07-01,Con,18.02,17.63,
2025-07-01,Grn,9.27,9.41,
2025-07-01,LD,13.83,14.22,
2025-07-01,Lab,22.98,22.84,
2025-07-01,Others,3.14,2.76,
2025-07-01,PC,1.02,1.00,
2025-07-01,Ref,29.15,28.93,
2025-07-01,SNP,2.77,2.97,
2025-07-02,Con,,16.34,18.19
2025-07-02,Grn,,9.35,9.04
2025-07-02,LD,,14.69,13.83
2025-07-02,Lab,,22.50,23.67
2025-07-02,Others,,2.85,2.99
2025-07-02,PC,,1.00,1.00
2025-07-02,Ref,,29.49,28.62
2025-07-02,SNP,,2.98,2.79
2025-07-03,Con,18.01,16.80,
2025-07-03,Grn,9.26,9.17,
2025-07-03,LD,13.82,15.01,
2025-07-03,Lab,22.95,22.48,
2025-07-03,Others,3.20,2.71,
2025-07-03,PC,1.01,1.00,
2025-07-03,Ref,29.15,29.86,
2025-07-03,SNP,2.78,2.99,
2025-07-04,Con,,17.50,
2025-07-04,Grn,,8.96,
2025-07-04,LD,,15.21,
2025-07-04,Lab,,22.61,
2025-07-04,Others,,2.52,
2025-07-04,PC,,1.00,
2025-07-04,Ref,,30.09,
2025-07-04,SNP,,2.98,
2025-07-05,Con,18.01,18.23,
2025-07-05,Grn,9.24,8.78,
2025-07-05,LD,13.81,15.28,
2025-07-05,Lab,22.90,22.82,
2025-07-05,Others,3.26,2.36,
2025-07-05,PC,1.01,1.00,
2025-07-05,Ref,29.17,30.16,
2025-07-05,SNP,2.78,2.97,
2025-07-06,Con,,18.82,18.09
2025-07-06,Grn,,8.70,9.35
2025-07-06,LD,,15.11,13.90
2025-07-06,Lab,,23.07,23.35
2025-07-06,Others,,2.37,3.13
2025-07-06,PC,,1.00,
2025-07-06,Ref,,30.02,28.60
2025-07-06,SNP,,2.92,2.80
2025-07-07,Con,18.00,18.44,18.10
2025-07-07,Grn,9.23,8.81,9.41
2025-07-07,LD,13.80,14.50,13.80
2025-07-07,Lab,22.85,23.36,23.37
2025-07-07,Others,3.32,2.94,3.09
2025-07-07,PC,1.01,1.00,1.00
2025-07-07,Ref,29.19,29.52,28.63
2025-07-07,SNP,2.78,2.82,2.79
2025-07-08,Con,,18.64,
2025-07-08,Grn,,8.96,
2025-07-08,LD,,13.98,
2025-07-08,Lab,,23.02,
2025-07-08,Others,,3.41,
2025-07-08,PC,,1.00,
2025-07-08,Ref,,29.70,
2025-07-08,SNP,,2.59,
2025-07-09,Con,17.99,18.73,18.10
2025-07-09,Grn,9.22,9.12,9.51
2025-07-09,LD,13.79,13.60,14.11
2025-07-09,Lab,22.81,22.59,22.98
2025-07-09,Others,3.38,3.75,3.25
2025-07-09,PC,1.01,1.00,1.00
2025-07-09,Ref,29.22,30.02,28.58
2025-07-09,SNP,2.78,2.43,2.79
2025-07-10,Con,,17.37,18.25
2025-07-10,Grn,,9.30,9.44
2025-07-10,LD,,13.52,14.15
2025-07-10,Lab,,22.54,22.93
2025-07-10,Others,,3.71,3.19
2025-07-10,PC,,1.00,1.00
2025-07-10,Ref,,29.97,28.60
2025-07-10,SNP,,2.59,2.75
2025-07-11,Con,17.98,17.93,17.98
2025-07-11,Grn,9.20,9.42,9.50
2025-07-11,LD,13.77,13.45,14.25
2025-07-11,Lab,22.75,23.15,22.84
2025-07-11,Others,3.44,3.23,3.36
2025-07-11,PC,1.00,1.00,1.00
2025-07-11,Ref,29.25,29.37,28.75
2025-07-11,SNP,2.78,2.81,2.72
2025-07-12,Con,,18.15,
2025-07-12,Grn,,9.58,
2025-07-12,LD,,13.61,
2025-07-12,Lab,,23.22,
2025-07-12,Others,,3.09,
2025-07-12,PC,,1.00,
2025-07-12,Ref,,28.91,
2025-07-12,SNP,,2.89,
2025-07-13,Con,17.97,18.31,
2025-07-13,Grn,9.19,9.74,
2025-07-13,LD,13.76,13.81,
2025-07-13,Lab,22.71,23.00,
2025-07-13,Others,3.50,3.07,
2025-07-13,PC,1.00,1.00,
2025-07-13,Ref,29.26,28.59,
2025-07-13,SNP,2.77,2.88,
2025-07-14,Con,,18.37,17.98
2025-07-14,Grn,,9.88,9.45
2025-07-14,LD,,13.93,14.20
2025-07-14,Lab,,22.56,22.74
2025-07-14,Others,,3.18,3.41
2025-07-14,PC,,1.00,1.00
2025-07-14,Ref,,28.48,28.96
2025-07-14,SNP,,2.79,2.72
2025-07-15,Con,,17.76,
2025-07-15,Grn,,9.97,
2025-07-15,LD,,13.77,
2025-07-15,Lab,,21.85,
2025-07-15,Others,,3.54,
2025-07-15,PC,,1.00,
2025-07-15,Ref,,28.74,
2025-07-15,SNP,,2.54,
2025-07-16,Con,17.97,17.18,17.91
2025-07-16,Grn,9.18,9.98,9.34
2025-07-16,LD,13.75,13.62,14.11
2025-07-16,Lab,22.66,21.36,22.91
2025-07-16,Others,3.56,3.96,3.30
2025-07-16,PC,0.99,1.00,1.00
2025-07-16,Ref,29.29,29.00,29.19
2025-07-16,SNP,2.77,2.31,2.74
2025-07-17,Con,,17.54,
2025-07-17,Grn,,9.85,
2025-07-17,LD,,13.76,
2025-07-17,Lab,,21.73,
2025-07-17,Others,,4.31,
2025-07-17,PC,,1.00,
2025-07-17,Ref,,28.88,
2025-07-17,SNP,,2.32,
2025-07-18,Con,17.95,18.13,17.87
2025-07-18,Grn,9.17,9.67,9.65
2025-07-18,LD,13.74,14.04,13.87
2025-07-18,Lab,22.61,22.25,22.55
2025-07-18,Others,3.61,4.38,3.59
2025-07-18,PC,0.99,1.00,1.00
2025-07-18,Ref,29.33,28.73,29.42
2025-07-18,SNP,2.77,2.38,2.71
2025-07-19,Con,,19.42,
2025-07-19,Grn,,9.54,
2025-07-19,LD,,14.33,
2025-07-19,Lab,,22.30,
2025-07-19,Others,,3.53,
2025-07-19,PC,,1.00,
2025-07-19,Ref,,28.84,
2025-07-19,SNP,,2.35,
2025-07-20,Con,17.94,20.28,17.77
2025-07-20,Grn,9.16,9.49,9.65
2025-07-20,LD,13.73,14.55,13.87
2025-07-20,Lab,22.56,22.22,22.45
2025-07-20,Others,3.66,2.73,3.75
2025-07-20,PC,0.99,1.00,1.00
2025-07-20,Ref,29.36,29.07,29.37
2025-07-20,SNP,2.76,2.40,2.71
2025-07-21,Con,,17.39,17.87
2025-07-21,Grn,,9.53,9.49
2025-07-21,LD,,14.54,13.84
2025-07-21,Lab,,22.27,22.59
2025-07-21,Others,,3.03,3.66
2025-07-21,PC,,1.00,1.00
2025-07-21,Ref,,29.33,29.34
2025-07-21,SNP,,2.74,2.68
2025-07-22,Con,17.93,16.58,
2025-07-22,Grn,9.16,9.48,
2025-07-22,LD,13.72,14.31,
2025-07-22,Lab,22.50,21.86,
2025-07-22,Others,3.72,3.38,
2025-07-22,PC,0.98,1.00,
2025-07-22,Ref,29.40,30.44,
2025-07-22,SNP,2.76,2.89,
2025-07-23,Con,,16.15,17.86
2025-07-23,Grn,,9.35,9.53
2025-07-23,LD,,13.98,13.92
2025-07-23,Lab,,21.68,22.46
2025-07-23,Others,,3.55,3.72
2025-07-23,PC,,1.00,1.00
2025-07-23,Ref,,31.53,29.38
2025-07-23,SNP,,2.95,2.65
2025-07-24,Con,17.91,16.52,
2025-07-24,Grn,9.16,9.17,
2025-07-24,LD,13.71,13.65,
2025-07-24,Lab,22.45,22.57,
2025-07-24,Others,3.77,3.04,
2025-07-24,PC,0.98,1.00,
2025-07-24,Ref,29.44,31.72,
2025-07-24,SNP,2.75,2.97,
2025-07-25,Con,,17.00,17.65
2025-07-25,Grn,,9.01,9.11
2025-07-25,LD,,13.39,13.80
2025-07-25,Lab,,23.51,22.37
2025-07-25,Others,,2.59,3.84
2025-07-25,PC,,1.00,1.00
2025-07-25,Ref,,31.44,29.75
2025-07-25,SNP,,2.98,2.68
2025-07-26,Con,17.90,17.50,
2025-07-26,Grn,9.15,8.92,
2025-07-26,LD,13.70,13.32,
2025-07-26,Lab,22.39,23.50,
2025-07-26,Others,3.81,3.02,
2025-07-26,PC,0.97,1.00,
2025-07-26,Ref,29.48,30.95,
2025-07-26,SNP,2.74,2.96,
2025-07-27,Con,,17.98,
2025-07-27,Grn,,8.87,
2025-07-27,LD,,13.33,
2025-07-27,Lab,,23.07,
2025-07-27,Others,,3.73,
2025-07-27,PC,,1.00,
2025-07-27,Ref,,30.45,
2025-07-27,SNP,,2.91,
2025-07-28,Con,17.88,18.33,17.59
2025-07-28,Grn,9.16,8.84,8.95
2025-07-28,LD,13.69,13.33,13.74
2025-07-28,Lab,22.33,22.46,22.37
2025-07-28,Others,3.87,4.53,4.01
2025-07-28,PC,0.97,1.00,1.00
2025-07-28,Ref,29.54,30.11,29.86
2025-07-28,SNP,2.74,2.80,2.68
2025-07-29,Con,,17.76,
2025-07-29,Grn,,8.79,
2025-07-29,LD,,13.24,
2025-07-29,Lab,,21.82,
2025-07-29,Others,,5.37,
2025-07-29,PC,,1.00,
2025-07-29,Ref,,30.17,
2025-07-29,SNP,,2.53,
2025-07-30,Con,,17.22,17.47
2025-07-30,Grn,,8.73,8.95
2025-07-30,LD,,13.16,13.64
2025-07-30,Lab,,21.56,22.24
2025-07-30,Others,,5.64,3.86
2025-07-30,PC,,1.00,1.00
2025-07-30,Ref,,30.48,30.24
2025-07-30,SNP,,2.28,2.74
2025-07-31,Con,17.85,17.86,17.23
2025-07-31,Grn,9.17,8.65,9.01
2025-07-31,LD,13.67,13.15,13.55
2025-07-31,Lab,22.27,22.29,22.26
2025-07-31,Others,3.91,3.89,3.99
2025-07-31,PC,0.97,1.00,1.00
2025-07-31,Ref,29.59,30.96,30.32
2025-07-31,SNP,2.73,2.25,2.79
2025-08-01,Con,,17.76,
2025-08-01,Grn,,8.62,
2025-08-01,LD,,13.21,
2025-08-01,Lab,,22.56,
2025-08-01,Others,,3.46,
2025-08-01,PC,,1.00,
2025-08-01,Ref,,31.06,
2025-08-01,SNP,,2.40,
2025-08-02,Con,17.83,17.55,
2025-08-02,Grn,9.17,8.64,
2025-08-02,LD,13.66,13.33,
2025-08-02,Lab,22.21,22.55,
2025-08-02,Others,3.94,3.48,
2025-08-02,PC,0.96,1.00,
2025-08-02,Ref,29.65,30.90,
2025-08-02,SNP,2.72,2.61,
2025-08-03,Con,,17.31,17.62
2025-08-03,Grn,,8.74,8.66
2025-08-03,LD,,13.49,13.58
2025-08-03,Lab,,22.25,22.19
2025-08-03,Others,,3.72,4.20
2025-08-03,PC,,1.00,0.93
2025-08-03,Ref,,30.51,30.18
2025-08-03,SNP,,2.77,2.73
2025-08-04,Con,17.81,16.98,17.70
2025-08-04,Grn,9.18,8.94,8.73
2025-08-04,LD,13.64,13.74,13.49
2025-08-04,Lab,22.15,21.46,22.01
2025-08-04,Others,3.98,4.30,4.30
2025-08-04,PC,0.96,1.00,0.93
2025-08-04,Ref,29.70,29.81,30.22
2025-08-04,SNP,2.72,2.76,2.74
2025-08-05,Con,,16.52,
2025-08-05,Grn,,8.99,
2025-08-05,LD,,13.36,
2025-08-05,Lab,,20.97,
2025-08-05,Others,,5.31,
2025-08-05,PC,,1.00,
2025-08-05,Ref,,30.14,
2025-08-05,SNP,,2.56,
2025-08-06,Con,17.78,16.14,17.77
2025-08-06,Grn,9.19,8.98,8.80
2025-08-06,LD,13.63,12.92,13.54
2025-08-06,Lab,22.09,20.79,21.71
2025-08-06,Others,4.00,6.05,4.54
2025-08-06,PC,0.96,1.00,0.93
2025-08-06,Ref,29.76,30.70,30.05
2025-08-06,SNP,2.71,2.40,2.72
2025-08-07,Con,,16.53,
2025-08-07,Grn,,8.96,
2025-08-07,LD,,12.92,
2025-08-07,Lab,,21.11,
2025-08-07,Others,,5.37,
2025-08-07,PC,,1.00,
2025-08-07,Ref,,30.79,
2025-08-07,SNP,,2.55,
2025-08-08,Con,17.76,17.05,17.96
2025-08-08,Grn,9.21,8.94,8.87
2025-08-08,LD,13.62,13.14,13.49
2025-08-08,Lab,22.04,21.49,21.54
2025-08-08,Others,4.02,4.49,4.65
2025-08-08,PC,0.96,0.98,0.93
2025-08-08,Ref,29.82,30.62,29.89
2025-08-08,SNP,2.71,2.75,2.69
2025-08-09,Con,,17.84,
2025-08-09,Grn,,8.91,
2025-08-09,LD,,13.41,
2025-08-09,Lab,,21.55,
2025-08-09,Others,,4.33,
2025-08-09,PC,,0.83,
2025-08-09,Ref,,30.32,
2025-08-09,SNP,,2.75,
2025-08-10,Con,17.73,18.65,
2025-08-10,Grn,9.21,8.90,
2025-08-10,LD,13.60,13.65,
2025-08-10,Lab,21.97,21.43,
2025-08-10,Others,4.05,4.42,
2025-08-10,PC,0.95,0.67,
2025-08-10,Ref,29.88,30.00,
2025-08-10,SNP,2.71,2.69,
2025-08-11,Con,,19.36,17.96
2025-08-11,Grn,,8.93,8.93
2025-08-11,LD,,13.72,13.52
2025-08-11,Lab,,21.15,21.49
2025-08-11,Others,,4.62,4.68
2025-08-11,PC,,0.53,0.93
2025-08-11,Ref,,29.81,29.82
2025-08-11,SNP,,2.64,2.75
2025-08-12,Con,17.71,19.31,
2025-08-12,Grn,9.23,9.03,
2025-08-12,LD,13.59,13.40,
2025-08-12,Lab,21.91,20.65,
2025-08-12,Others,4.08,5.02,
2025-08-12,PC,0.95,0.67,
2025-08-12,Ref,29.94,29.91,
2025-08-12,SNP,2.70,2.71,
2025-08-13,Con,,19.17,
2025-08-13,Grn,,9.15,
2025-08-13,LD,,12.96,
2025-08-13,Lab,,20.14,
2025-08-13,Others,,5.44,
2025-08-13,PC,,0.83,
2025-08-13,Ref,,30.11,
2025-08-13,SNP,,2.80,
2025-08-14,Con,17.69,19.04,17.98
2025-08-14,Grn,9.25,9.26,9.26
2025-08-14,LD,13.58,12.57,13.60
2025-08-14,Lab,21.86,19.82,21.35
2025-08-14,Others,4.10,5.77,4.88
2025-08-14,PC,0.95,0.98,0.93
2025-08-14,Ref,30.00,30.22,29.43
2025-08-14,SNP,2.70,2.88,2.73
2025-08-15,Con,,19.09,
2025-08-15,Grn,,9.32,
2025-08-15,LD,,12.47,
2025-08-15,Lab,,20.02,
2025-08-15,Others,,5.76,
2025-08-15,PC,,1.00,
2025-08-15,Ref,,30.05,
2025-08-15,SNP,,2.86,
2025-08-16,Con,,19.16,
2025-08-16,Grn,,9.34,
2025-08-16,LD,,12.51,
2025-08-16,Lab,,20.45,
2025-08-16,Others,,5.63,
2025-08-16,PC,,1.00,
2025-08-16,Ref,,29.77,
2025-08-16,SNP,,2.81,
2025-08-17,Con,17.67,19.22,
2025-08-17,Grn,9.26,9.32,
2025-08-17,LD,13.57,12.64,
2025-08-17,Lab,21.79,20.95,
2025-08-17,Others,4.12,5.45,
2025-08-17,PC,0.95,1.00,
2025-08-17,Ref,30.06,29.53,
2025-08-17,SNP,2.70,2.73,
2025-08-18,Con,,19.14,17.85
2025-08-18,Grn,,9.27,9.00
2025-08-18,LD,,12.83,13.72
2025-08-18,Lab,,21.41,21.08
2025-08-18,Others,,5.20,4.76
2025-08-18,PC,,1.00,0.94
2025-08-18,Ref,,29.48,30.11
2025-08-18,SNP,,2.63,2.69
2025-08-19,Con,17.65,18.04,17.93
2025-08-19,Grn,9.27,9.19,9.00
2025-08-19,LD,13.55,13.11,13.79
2025-08-19,Lab,21.72,21.72,20.99
2025-08-19,Others,4.15,4.76,4.83
2025-08-19,PC,0.94,1.00,0.93
2025-08-19,Ref,30.12,29.85,30.03
2025-08-19,SNP,2.70,2.52,2.66
2025-08-20,Con,,17.15,17.93
2025-08-20,Grn,,9.20,9.00
2025-08-20,LD,,12.96,13.79
2025-08-20,Lab,,20.56,20.99
2025-08-20,Others,,5.47,4.83
2025-08-20,PC,,1.00,0.93
2025-08-20,Ref,,30.53,30.03
2025-08-20,SNP,,2.79,2.66
2025-08-21,Con,17.63,17.02,
2025-08-21,Grn,9.30,9.15,
2025-08-21,LD,13.55,13.27,
2025-08-21,Lab,21.66,21.04,
2025-08-21,Others,4.15,5.37,
2025-08-21,PC,0.94,1.00,
2025-08-21,Ref,30.17,30.31,
2025-08-21,SNP,2.71,2.91,
2025-08-22,Con,,17.02,17.76
2025-08-22,Grn,,9.07,8.72
2025-08-22,LD,,13.72,13.52
2025-08-22,Lab,,21.86,21.21
2025-08-22,Others,,5.08,4.98
2025-08-22,PC,,1.00,1.00
2025-08-22,Ref,,29.83,30.33
2025-08-22,SNP,,2.95,2.72
2025-08-23,Con,17.62,17.13,
2025-08-23,Grn,9.33,9.00,
2025-08-23,LD,13.54,14.03,
2025-08-23,Lab,21.60,21.95,
2025-08-23,Others,4.17,4.91,
2025-08-23,PC,0.94,1.00,
2025-08-23,Ref,30.21,29.67,
2025-08-23,SNP,2.71,2.96,
2025-08-24,Con,,17.24,
2025-08-24,Grn,,8.93,
2025-08-24,LD,,14.23,
2025-08-24,Lab,,21.70,
2025-08-24,Others,,4.78,
2025-08-24,PC,,1.00,
2025-08-24,Ref,,29.74,
2025-08-24,SNP,,2.94,
2025-08-25,Con,17.61,17.33,
2025-08-25,Grn,9.38,8.86,
2025-08-25,LD,13.53,14.31,
2025-08-25,Lab,21.54,21.24,
2025-08-25,Others,4.15,4.71,
2025-08-25,PC,0.93,1.00,
2025-08-25,Ref,30.24,30.08,
2025-08-25,SNP,2.71,2.87,
2025-08-26,Con,,17.21,17.79
2025-08-26,Grn,,8.78,8.85
2025-08-26,LD,,14.16,13.30
2025-08-26,Lab,,20.63,21.52
2025-08-26,Others,,4.76,4.67
2025-08-26,PC,,1.00,0.92
2025-08-26,Ref,,30.83,30.35
2025-08-26,SNP,,2.71,2.62
2025-08-27,Con,17.59,15.56,17.79
2025-08-27,Grn,9.39,8.68,8.85
2025-08-27,LD,13.51,13.61,13.30
2025-08-27,Lab,21.48,19.78,21.52
2025-08-27,Others,4.17,5.21,4.67
2025-08-27,PC,0.93,1.00,0.92
2025-08-27,Ref,30.29,32.24,30.35
2025-08-27,SNP,2.72,2.34,2.62
2025-08-28,Con,,16.82,17.79
2025-08-28,Grn,,8.49,8.85
2025-08-28,LD,,13.35,13.30
2025-08-28,Lab,,20.06,21.52
2025-08-28,Others,,4.48,4.67
2025-08-28,PC,,1.00,0.92
2025-08-28,Ref,,33.00,30.35
2025-08-28,SNP,,2.22,2.62
2025-08-29,Con,17.58,17.14,
2025-08-29,Grn,9.42,8.40,
2025-08-29,LD,13.50,13.27,
2025-08-29,Lab,21.41,20.39,
2025-08-29,Others,4.17,4.47,
2025-08-29,PC,0.93,1.00,
2025-08-29,Ref,30.33,33.03,
2025-08-29,SNP,2.72,2.26,
2025-08-30,Con,,17.34,
2025-08-30,Grn,,8.41,
2025-08-30,LD,,13.24,
2025-08-30,Lab,,20.75,
2025-08-30,Others,,4.67,
2025-08-30,PC,,1.00,
2025-08-30,Ref,,32.65,
2025-08-30,SNP,,2.38,
2025-08-31,Con,17.57,17.55,17.45
2025-08-31,Grn,9.48,8.52,9.06
2025-08-31,LD,13.50,13.17,13.36
2025-08-31,Lab,21.35,21.17,21.44
2025-08-31,Others,4.17,4.87,4.45
2025-08-31,PC,0.93,0.99,0.91
2025-08-31,Ref,30.36,32.01,30.61
2025-08-31,SNP,2.72,2.53,2.64
2025-09-01,Con,,18.03,17.48
2025-09-01,Grn,,8.73,9.06
2025-09-01,LD,,12.94,13.28
2025-09-01,Lab,,21.69,21.53
2025-09-01,Others,,4.88,4.45
2025-09-01,PC,,0.92,0.91
2025-09-01,Ref,,31.20,30.52
2025-09-01,SNP,,2.70,2.64
2025-09-02,Con,,18.64,17.52
2025-09-02,Grn,,8.97,9.06
2025-09-02,LD,,12.51,13.23
2025-09-02,Lab,,22.01,21.42
2025-09-02,Others,,3.95,4.40
2025-09-02,PC,,0.18,0.91
2025-09-02,Ref,,30.95,30.63
2025-09-02,SNP,,2.63,2.61
2025-09-03,Con,17.56,17.35,17.52
2025-09-03,Grn,9.55,9.28,9.06
2025-09-03,LD,13.49,12.81,13.23
2025-09-03,Lab,21.29,21.05,21.42
2025-09-03,Others,4.15,4.45,4.40
2025-09-03,PC,0.93,0.92,0.91
2025-09-03,Ref,30.38,31.04,30.63
2025-09-03,SNP,2.73,2.29,2.61
2025-09-04,Con,,17.91,17.52
2025-09-04,Grn,,9.47,9.06
2025-09-04,LD,,13.03,13.23
2025-09-04,Lab,,21.42,21.42
2025-09-04,Others,,4.11,4.40
2025-09-04,PC,,0.99,
2025-09-04,Ref,,30.78,30.63
2025-09-04,SNP,,2.18,2.61
2025-09-05,Con,17.55,17.96,17.63
2025-09-05,Grn,9.60,9.62,9.13
2025-09-05,LD,13.48,12.76,13.36
2025-09-05,Lab,21.23,22.04,21.36
2025-09-05,Others,4.15,3.95,4.39
2025-09-05,PC,0.93,1.00,0.93
2025-09-05,Ref,30.41,30.44,30.47
2025-09-05,SNP,2.73,2.19,2.61
2025-09-06,Con,,17.83,
2025-09-06,Grn,,9.75,
2025-09-06,LD,,12.88,
2025-09-06,Lab,,22.05,
2025-09-06,Others,,3.70,
2025-09-06,PC,,1.00,
2025-09-06,Ref,,30.26,
2025-09-06,SNP,,2.36,
2025-09-07,Con,17.55,17.65,
2025-09-07,Grn,9.70,9.86,
2025-09-07,LD,13.47,13.09,
2025-09-07,Lab,21.16,21.78,
2025-09-07,Others,4.11,3.51,
2025-09-07,PC,0.92,1.00,
2025-09-07,Ref,30.41,30.23,
2025-09-07,SNP,2.74,2.54,
2025-09-08,Con,,17.36,17.55
2025-09-08,Grn,,9.95,9.49
2025-09-08,LD,,13.19,13.16
2025-09-08,Lab,,21.37,21.40
2025-09-08,Others,,3.58,4.24
2025-09-08,PC,,1.00,0.92
2025-09-08,Ref,,30.41,30.60
2025-09-08,SNP,,2.64,2.62
2025-09-09,Con,17.54,16.31,
2025-09-09,Grn,9.77,10.05,
2025-09-09,LD,13.46,12.89,
2025-09-09,Lab,21.10,20.87,
2025-09-09,Others,4.09,4.50,
2025-09-09,PC,0.92,1.00,
2025-09-09,Ref,30.43,30.92,
2025-09-09,SNP,2.75,2.45,
2025-09-10,Con,,15.55,17.52
2025-09-10,Grn,,10.08,9.52
2025-09-10,LD,,12.53,13.09
2025-09-10,Lab,,20.76,21.44
2025-09-10,Others,,5.43,4.23
2025-09-10,PC,,1.00,0.92
2025-09-10,Ref,,31.14,30.62
2025-09-10,SNP,,2.24,2.64
2025-09-11,Con,17.53,17.67,17.52
2025-09-11,Grn,9.84,9.97,9.74
2025-09-11,LD,13.45,12.43,13.07
2025-09-11,Lab,21.04,21.78,21.47
2025-09-11,Others,4.07,5.52,
2025-09-11,PC,0.92,1.00,
2025-09-11,Ref,30.45,30.30,30.46
2025-09-11,SNP,2.75,2.20,
2025-09-12,Con,,18.08,
2025-09-12,Grn,,9.93,
2025-09-12,LD,,12.54,
2025-09-12,Lab,,22.03,
2025-09-12,Others,,5.34,
2025-09-12,PC,,1.00,
2025-09-12,Ref,,29.94,
2025-09-12,SNP,,2.24,
2025-09-13,Con,17.53,18.24,
2025-09-13,Grn,9.95,9.95,
2025-09-13,LD,13.45,12.73,
2025-09-13,Lab,20.97,21.93,
2025-09-13,Others,4.03,5.07,
2025-09-13,PC,0.92,1.00,
2025-09-13,Ref,30.46,29.87,
2025-09-13,SNP,2.76,2.30,
2025-09-14,Con,,18.33,
2025-09-14,Grn,,10.00,
2025-09-14,LD,,12.92,
2025-09-14,Lab,,21.70,
2025-09-14,Others,,4.76,
2025-09-14,PC,,1.00,
2025-09-14,Ref,,30.03,
2025-09-14,SNP,,2.36,
2025-09-15,Con,17.52,18.17,17.10
2025-09-15,Grn,10.06,10.09,10.19
2025-09-15,LD,13.44,13.00,13.29
2025-09-15,Lab,20.89,21.48,21.22
2025-09-15,Others,4.00,4.40,4.07
2025-09-15,PC,0.92,1.00,0.95
2025-09-15,Ref,30.46,30.44,30.51
2025-09-15,SNP,2.76,2.40,2.68
2025-09-16,Con,,16.31,
2025-09-16,Grn,,10.20,
2025-09-16,LD,,12.85,
2025-09-16,Lab,,21.41,
2025-09-16,Others,,3.88,
2025-09-16,PC,,1.00,
2025-09-16,Ref,,31.19,
2025-09-16,SNP,,2.35,
2025-09-17,Con,,14.74,17.04
2025-09-17,Grn,,10.26,9.99
2025-09-17,LD,,12.74,13.43
2025-09-17,Lab,,21.21,21.15
2025-09-17,Others,,3.56,4.07
2025-09-17,PC,,1.00,0.95
2025-09-17,Ref,,31.73,30.64
2025-09-17,SNP,,2.39,2.75
2025-09-18,Con,17.52,17.06,17.04
2025-09-18,Grn,10.18,10.20,9.99
2025-09-18,LD,13.42,12.99,13.43
2025-09-18,Lab,20.82,20.50,21.15
2025-09-18,Others,3.95,4.08,4.07
2025-09-18,PC,0.93,1.00,0.95
2025-09-18,Ref,30.46,31.44,30.64
2025-09-18,SNP,2.77,2.71,2.75
2025-09-19,Con,,17.05,17.06
2025-09-19,Grn,,10.12,9.92
2025-09-19,LD,,12.74,13.48
2025-09-19,Lab,,21.40,21.10
2025-09-19,Others,,3.98,4.12
2025-09-19,PC,,0.98,0.89
2025-09-19,Ref,,30.94,30.69
2025-09-19,SNP,,2.82,2.75
2025-09-20,Con,17.51,17.34,
2025-09-20,Grn,10.29,10.05,
2025-09-20,LD,13.42,12.86,
2025-09-20,Lab,20.76,21.90,
2025-09-20,Others,3.92,3.85,
2025-09-20,PC,0.93,0.83,
2025-09-20,Ref,30.47,30.42,
2025-09-20,SNP,2.77,2.78,
2025-09-21,Con,,17.64,
2025-09-21,Grn,,9.98,
2025-09-21,LD,,13.15,
2025-09-21,Lab,,22.14,
2025-09-21,Others,,3.75,
2025-09-21,PC,,0.67,
2025-09-21,Ref,,29.99,
2025-09-21,SNP,,2.71,
2025-09-22,Con,17.51,17.78,17.13
2025-09-22,Grn,10.41,9.91,9.94
2025-09-22,LD,13.40,13.51,13.59
2025-09-22,Lab,20.68,22.03,20.99
2025-09-22,Others,3.87,3.77,4.03
2025-09-22,PC,0.93,0.54,0.90
2025-09-22,Ref,30.47,29.80,30.73
2025-09-22,SNP,2.78,2.68,2.75
2025-09-23,Con,,16.77,
2025-09-23,Grn,,9.83,
2025-09-23,LD,,13.88,
2025-09-23,Lab,,21.30,
2025-09-23,Others,,4.19,
2025-09-23,PC,,0.75,
2025-09-23,Ref,,30.08,
2025-09-23,SNP,,2.78,
2025-09-24,Con,17.50,15.86,17.15
2025-09-24,Grn,10.54,9.70,9.86
2025-09-24,LD,13.39,13.95,13.47
2025-09-24,Lab,20.62,20.77,20.99
2025-09-24,Others,3.83,4.53,4.02
2025-09-24,PC,0.94,0.97,0.91
2025-09-24,Ref,30.47,30.67,30.94
2025-09-24,SNP,2.78,2.90,2.71
2025-09-25,Con,,16.85,17.18
2025-09-25,Grn,,9.43,9.79
2025-09-25,LD,,13.25,13.49
2025-09-25,Lab,,21.37,20.95
2025-09-25,Others,,4.15,3.95
2025-09-25,PC,,1.00,0.91
2025-09-25,Ref,,31.51,31.09
2025-09-25,SNP,,2.96,2.72
2025-09-26,Con,17.50,17.02,17.06
2025-09-26,Grn,10.66,9.26,9.91
2025-09-26,LD,13.38,13.66,13.65
2025-09-26,Lab,20.55,21.56,20.84
2025-09-26,Others,3.78,4.00,3.78
2025-09-26,PC,0.94,0.98,0.90
2025-09-26,Ref,30.46,31.44,31.16
2025-09-26,SNP,2.79,2.97,2.84
2025-09-27,Con,,17.33,
2025-09-27,Grn,,9.26,
2025-09-27,LD,,13.90,
2025-09-27,Lab,,21.46,
2025-09-27,Others,,3.84,
2025-09-27,PC,,0.83,
2025-09-27,Ref,,31.15,
2025-09-27,SNP,,2.97,
2025-09-28,Con,17.50,17.65,
2025-09-28,Grn,10.80,9.35,
2025-09-28,LD,13.36,14.01,
2025-09-28,Lab,20.48,21.24,
2025-09-28,Others,3.74,3.71,
2025-09-28,PC,0.95,0.67,
2025-09-28,Ref,30.45,30.87,
2025-09-28,SNP,2.79,2.95,
2025-09-29,Con,,17.88,17.24
2025-09-29,Grn,,9.48,9.93
2025-09-29,LD,,13.97,13.66
2025-09-29,Lab,,20.96,20.83
2025-09-29,Others,,3.63,3.79
2025-09-29,PC,,0.54,0.90
2025-09-29,Ref,,30.78,30.92
2025-09-29,SNP,,2.90,2.89
2025-09-30,Con,17.50,17.50,
2025-09-30,Grn,10.92,9.62,
2025-09-30,LD,13.35,13.66,
2025-09-30,Lab,20.41,20.65,
2025-09-30,Others,3.69,3.76,
2025-09-30,PC,0.95,0.75,
2025-09-30,Ref,30.43,31.15,
2025-09-30,SNP,2.79,2.76,
2025-10-01,Con,,17.11,17.31
2025-10-01,Grn,,9.73,9.93
2025-10-01,LD,,13.31,13.59
2025-10-01,Lab,,20.43,20.83
2025-10-01,Others,,3.90,3.72
2025-10-01,PC,,0.98,0.90
2025-10-01,Ref,,31.68,30.99
2025-10-01,SNP,,2.63,2.89
2025-10-02,Con,17.50,17.26,
2025-10-02,Grn,11.05,9.79,
2025-10-02,LD,13.34,13.12,
2025-10-02,Lab,20.35,20.49,
2025-10-02,Others,3.64,3.89,
2025-10-02,PC,0.96,1.00,
2025-10-02,Ref,30.43,32.09,
2025-10-02,SNP,2.80,2.60,
2025-10-03,Con,,17.50,17.38
2025-10-03,Grn,,9.85,10.05
2025-10-03,LD,,13.10,13.83
2025-10-03,Lab,,20.55,20.62
2025-10-03,Others,,3.71,3.60
2025-10-03,PC,,1.00,0.90
2025-10-03,Ref,,32.43,30.95
2025-10-03,SNP,,2.65,2.94
2025-10-04,Con,,17.74,
2025-10-04,Grn,,9.97,
2025-10-04,LD,,13.38,
2025-10-04,Lab,,20.32,
2025-10-04,Others,,3.09,
2025-10-04,PC,,1.00,
2025-10-04,Ref,,32.76,
2025-10-04,SNP,,2.80,
2025-10-05,Con,17.51,17.95,17.55
2025-10-05,Grn,11.17,10.19,10.12
2025-10-05,LD,13.32,13.73,13.55
2025-10-05,Lab,20.29,19.98,20.49
2025-10-05,Others,3.60,2.60,3.44
2025-10-05,PC,0.97,1.00,
2025-10-05,Ref,30.41,32.72,31.20
2025-10-05,SNP,2.80,3.00,2.94
2025-10-06,Con,,17.93,17.60
2025-10-06,Grn,,10.57,10.31
2025-10-06,LD,,13.94,13.78
2025-10-06,Lab,,19.63,20.36
2025-10-06,Others,,3.00,3.39
2025-10-06,PC,,1.00,0.88
2025-10-06,Ref,,31.84,30.95
2025-10-06,SNP,,3.20,2.93
2025-10-07,Con,17.54,17.51,
2025-10-07,Grn,11.29,10.98,
2025-10-07,LD,13.30,13.39,
2025-10-07,Lab,20.23,19.04,
2025-10-07,Others,3.55,3.40,
2025-10-07,PC,0.97,1.00,
2025-10-07,Ref,30.38,31.64,
2025-10-07,SNP,2.80,3.17,
2025-10-08,Con,,17.14,17.75
2025-10-08,Grn,,11.29,10.49
2025-10-08,LD,,12.66,13.71
2025-10-08,Lab,,18.79,20.27
2025-10-08,Others,,3.67,3.46
2025-10-08,PC,,1.00,0.88
2025-10-08,Ref,,31.66,30.80
2025-10-08,SNP,,3.07,2.93
2025-10-09,Con,17.55,17.51,
2025-10-09,Grn,11.42,11.34,
2025-10-09,LD,13.29,12.25,
2025-10-09,Lab,20.17,19.70,
2025-10-09,Others,3.50,3.43,
2025-10-09,PC,0.98,1.00,
2025-10-09,Ref,30.36,31.57,
2025-10-09,SNP,2.81,3.03,
2025-10-10,Con,,17.95,17.82
2025-10-10,Grn,,11.31,11.16
2025-10-10,LD,,12.21,13.52
2025-10-10,Lab,,20.72,20.17
2025-10-10,Others,,3.09,3.28
2025-10-10,PC,,0.98,0.94
2025-10-10,Ref,,31.32,30.51
2025-10-10,SNP,,3.01,2.92
2025-10-11,Con,17.56,18.16,
2025-10-11,Grn,11.54,11.37,
2025-10-11,LD,13.27,12.76,
2025-10-11,Lab,20.10,20.93,
2025-10-11,Others,3.45,2.89,
2025-10-11,PC,0.99,0.83,
2025-10-11,Ref,30.34,30.82,
2025-10-11,SNP,2.81,3.01,
2025-10-12,Con,,18.31,
2025-10-12,Grn,,11.50,
2025-10-12,LD,,13.44,
2025-10-12,Lab,,20.67,
2025-10-12,Others,,2.77,
2025-10-12,PC,,0.67,
2025-10-12,Ref,,30.31,
2025-10-12,SNP,,3.00,
2025-10-13,Con,17.58,18.37,17.83
2025-10-13,Grn,11.66,11.69,11.48
2025-10-13,LD,13.26,13.85,13.62
2025-10-13,Lab,20.04,19.98,19.90
2025-10-13,Others,3.41,2.81,3.22
2025-10-13,PC,0.99,0.54,0.94
2025-10-13,Ref,30.32,30.04,30.39
2025-10-13,SNP,2.81,3.00,2.99
2025-10-14,Con,,17.77,
2025-10-14,Grn,,11.93,
2025-10-14,LD,,13.45,
2025-10-14,Lab,,18.65,
2025-10-14,Others,,3.31,
2025-10-14,PC,,0.75,
2025-10-14,Ref,,30.33,
2025-10-14,SNP,,3.00,
2025-10-15,Con,17.61,17.25,17.93
2025-10-15,Grn,11.77,12.10,11.87
2025-10-15,LD,13.24,12.91,13.66
2025-10-15,Lab,19.98,17.73,19.75
2025-10-15,Others,3.36,3.90,3.17
2025-10-15,PC,1.00,0.98,0.93
2025-10-15,Ref,30.29,30.64,30.00
2025-10-15,SNP,2.81,2.99,3.08
2025-10-16,Con,,18.01,
2025-10-16,Grn,,12.06,
2025-10-16,LD,,12.81,
2025-10-16,Lab,,18.55,
2025-10-16,Others,,4.35,
2025-10-16,PC,,1.00,
2025-10-16,Ref,,30.46,
2025-10-16,SNP,,2.98,
2025-10-17,Con,17.65,18.83,17.86
2025-10-17,Grn,11.88,12.03,12.65
2025-10-17,LD,13.23,12.86,13.32
2025-10-17,Lab,19.93,19.73,19.52
2025-10-17,Others,3.32,4.56,3.11
2025-10-17,PC,1.00,1.00,0.93
2025-10-17,Ref,30.25,30.09,29.72
2025-10-17,SNP,2.82,2.95,2.92
2025-10-18,Con,,18.75,
2025-10-18,Grn,,12.20,
2025-10-18,LD,,12.83,
2025-10-18,Lab,,20.09,
2025-10-18,Others,,4.13,
2025-10-18,PC,,1.00,
2025-10-18,Ref,,29.75,
2025-10-18,SNP,,2.89,
2025-10-19,Con,17.68,18.54,
2025-10-19,Grn,12.00,12.49,
2025-10-19,LD,13.22,12.78,
2025-10-19,Lab,19.86,20.00,
2025-10-19,Others,3.27,3.55,
2025-10-19,PC,1.01,1.00,
2025-10-19,Ref,30.22,29.51,
2025-10-19,SNP,2.82,2.82,
2025-10-20,Con,,18.27,17.80
2025-10-20,Grn,,12.79,12.77
2025-10-20,LD,,12.74,13.32
2025-10-20,Lab,,19.57,19.46
2025-10-20,Others,,3.12,3.05
2025-10-20,PC,,1.00,0.93
2025-10-20,Ref,,29.51,29.72
2025-10-20,SNP,,2.79,2.87
2025-10-21,Con,,17.69,
2025-10-21,Grn,,13.00,
2025-10-21,LD,,12.73,
2025-10-21,Lab,,18.65,
2025-10-21,Others,,3.36,
2025-10-21,PC,,1.00,
2025-10-21,Ref,,29.93,
2025-10-21,SNP,,2.85,
2025-10-22,Con,17.72,17.22,17.78
2025-10-22,Grn,12.10,13.10,13.05
2025-10-22,LD,13.20,12.91,13.56
2025-10-22,Lab,19.80,18.04,19.21
2025-10-22,Others,3.24,3.63,3.06
2025-10-22,PC,1.01,1.00,0.92
2025-10-22,Ref,30.19,30.27,29.49
2025-10-22,SNP,2.82,2.92,2.85
2025-10-23,Con,,17.89,17.73
2025-10-23,Grn,,13.08,12.84
2025-10-23,LD,,13.54,13.45
2025-10-23,Lab,,18.73,19.46
2025-10-23,Others,,3.35,3.19
2025-10-23,PC,,1.00,
2025-10-23,Ref,,29.98,29.52
2025-10-23,SNP,,2.94,2.86
2025-10-24,Con,17.77,17.96,17.57
2025-10-24,Grn,12.19,13.13,13.32
2025-10-24,LD,13.18,12.96,13.23
2025-10-24,Lab,19.76,19.24,19.20
2025-10-24,Others,3.19,3.60,3.16
2025-10-24,PC,1.02,1.00,1.00
2025-10-24,Ref,30.14,30.04,29.59
2025-10-24,SNP,2.83,2.90,2.80
2025-10-25,Con,,17.83,
2025-10-25,Grn,,13.25,
2025-10-25,LD,,12.85,
2025-10-25,Lab,,19.27,
2025-10-25,Others,,3.24,
2025-10-25,PC,,1.00,
2025-10-25,Ref,,30.12,
2025-10-25,SNP,,2.79,
2025-10-26,Con,17.83,17.65,
2025-10-26,Grn,12.27,13.44,
2025-10-26,LD,13.17,12.91,
2025-10-26,Lab,19.71,19.04,
2025-10-26,Others,3.15,2.75,
2025-10-26,PC,1.02,1.00,
2025-10-26,Ref,30.09,30.24,
2025-10-26,SNP,2.83,2.65,
2025-10-27,Con,,17.42,17.38
2025-10-27,Grn,,13.65,13.63
2025-10-27,LD,,12.93,13.07
2025-10-27,Lab,,18.63,19.09
2025-10-27,Others,,2.39,2.92
2025-10-27,PC,,1.00,1.00
2025-10-27,Ref,,30.44,29.94
2025-10-27,SNP,,2.50,2.90
2025-10-28,Con,17.89,16.76,
2025-10-28,Grn,12.36,13.87,
2025-10-28,LD,13.15,12.66,
2025-10-28,Lab,19.65,17.97,
2025-10-28,Others,3.12,2.62,
2025-10-28,PC,1.03,1.00,
2025-10-28,Ref,30.05,30.81,
2025-10-28,SNP,2.84,2.34,
2025-10-29,Con,,16.14,17.23
2025-10-29,Grn,,13.99,13.74
2025-10-29,LD,,12.35,12.98
2025-10-29,Lab,,17.62,19.03
2025-10-29,Others,,3.03,2.77
2025-10-29,PC,,1.00,1.00
2025-10-29,Ref,,31.11,30.19
2025-10-29,SNP,,2.25,2.90
2025-10-30,Con,17.93,16.27,
2025-10-30,Grn,12.46,13.91,
2025-10-30,LD,13.14,12.22,
2025-10-30,Lab,19.59,18.31,
2025-10-30,Others,3.07,3.49,
2025-10-30,PC,1.03,1.00,
2025-10-30,Ref,30.00,31.08,
2025-10-30,SNP,2.84,2.35,
2025-10-31,Con,,16.50,
2025-10-31,Grn,,13.73,
2025-10-31,LD,,12.19,
2025-10-31,Lab,,19.36,
2025-10-31,Others,,3.92,
2025-10-31,PC,,1.00,
2025-10-31,Ref,,30.90,
2025-10-31,SNP,,2.52,
2025-11-01,Con,17.97,16.75,
2025-11-01,Grn,12.59,13.56,
2025-11-01,LD,13.13,12.24,
2025-11-01,Lab,19.52,20.31,
2025-11-01,Others,3.03,4.24,
2025-11-01,PC,1.03,1.00,
2025-11-01,Ref,29.97,30.68,
2025-11-01,SNP,2.85,2.70,
2025-11-02,Con,,17.01,17.29
2025-11-02,Grn,,13.53,13.81
2025-11-02,LD,,12.42,13.01
2025-11-02,Lab,,20.66,18.67
2025-11-02,Others,,4.17,2.83
2025-11-02,PC,,1.00,1.15
2025-11-02,Ref,,30.54,30.42
2025-11-02,SNP,,2.84,2.86
2025-11-03,Con,18.02,17.33,17.25
2025-11-03,Grn,12.68,13.74,13.91
2025-11-03,LD,13.11,12.81,12.84
2025-11-03,Lab,19.46,19.52,18.66
2025-11-03,Others,2.99,2.85,2.82
2025-11-03,PC,1.04,1.00,1.15
2025-11-03,Ref,29.92,30.58,30.50
2025-11-03,SNP,2.85,2.86,2.85
2025-11-04,Con,,16.74,
2025-11-04,Grn,,13.93,
2025-11-04,LD,,12.62,
2025-11-04,Lab,,18.72,
2025-11-04,Others,,2.07,
2025-11-04,PC,,1.00,
2025-11-04,Ref,,31.21,
2025-11-04,SNP,,3.16,
2025-11-05,Con,,16.12,17.18
2025-11-05,Grn,,14.08,14.09
2025-11-05,LD,,12.23,12.92
2025-11-05,Lab,,18.05,18.53
2025-11-05,Others,,1.77,2.71
2025-11-05,PC,,1.00,1.17
2025-11-05,Ref,,31.91,30.55
2025-11-05,SNP,,3.39,2.84
2025-11-06,Con,18.07,16.16,17.18
2025-11-06,Grn,12.78,14.17,14.09
2025-11-06,LD,13.10,11.96,12.92
2025-11-06,Lab,19.40,17.42,18.53
2025-11-06,Others,2.96,2.61,2.71
2025-11-06,PC,1.04,1.00,1.17
2025-11-06,Ref,29.87,32.22,30.55
2025-11-06,SNP,2.85,3.16,2.84
2025-11-07,Con,,17.02,17.42
2025-11-07,Grn,,13.99,14.34
2025-11-07,LD,,12.17,12.79
2025-11-07,Lab,,18.33,18.63
2025-11-07,Others,,2.88,2.69
2025-11-07,PC,,1.02,1.26
2025-11-07,Ref,,32.23,30.21
2025-11-07,SNP,,3.05,2.87
2025-11-08,Con,18.12,17.97,
2025-11-08,Grn,12.88,14.02,
2025-11-08,LD,13.08,12.45,
2025-11-08,Lab,19.34,18.18,
2025-11-08,Others,2.92,2.96,
2025-11-08,PC,1.04,1.17,
2025-11-08,Ref,29.82,31.97,
2025-11-08,SNP,2.86,2.99,
2025-11-09,Con,,18.77,17.48
2025-11-09,Grn,,14.19,14.40
2025-11-09,LD,,12.71,12.73
2025-11-09,Lab,,17.82,18.63
2025-11-09,Others,,2.99,2.69
2025-11-09,PC,,1.33,
2025-11-09,Ref,,31.51,30.21
2025-11-09,SNP,,2.91,2.87
2025-11-10,Con,18.17,18.37,17.53
2025-11-10,Grn,12.96,14.44,14.09
2025-11-10,LD,13.07,12.83,12.66
2025-11-10,Lab,19.28,17.99,18.94
2025-11-10,Others,2.89,2.99,2.81
2025-11-10,PC,1.05,1.51,1.23
2025-11-10,Ref,29.78,30.87,30.10
2025-11-10,SNP,2.86,2.76,2.79
2025-11-11,Con,,17.27,
2025-11-11,Grn,,14.76,
2025-11-11,LD,,12.37,
2025-11-11,Lab,,17.19,
2025-11-11,Others,,2.98,
2025-11-11,PC,,1.75,
2025-11-11,Ref,,31.10,
2025-11-11,SNP,,2.80,
2025-11-12,Con,18.22,16.26,17.64
2025-11-12,Grn,13.05,15.04,13.68
2025-11-12,LD,13.06,11.84,12.71
2025-11-12,Lab,19.23,16.36,19.01
2025-11-12,Others,2.86,2.95,2.90
2025-11-12,PC,1.05,1.96,1.20
2025-11-12,Ref,29.73,31.46,30.11
2025-11-12,SNP,2.86,2.89,2.82
2025-11-13,Con,,16.64,
2025-11-13,Grn,,15.18,
2025-11-13,LD,,11.73,
2025-11-13,Lab,,16.39,
2025-11-13,Others,,2.85,
2025-11-13,PC,,1.86,
2025-11-13,Ref,,31.25,
2025-11-13,SNP,,2.88,
2025-11-14,Con,18.28,17.20,
2025-11-14,Grn,13.12,15.23,
2025-11-14,LD,13.04,11.82,
2025-11-14,Lab,19.18,16.81,
2025-11-14,Others,2.83,2.73,
2025-11-14,PC,1.06,1.73,
2025-11-14,Ref,29.68,30.77,
2025-11-14,SNP,2.86,2.84,
2025-11-15,Con,,17.80,
2025-11-15,Grn,,15.19,
2025-11-15,LD,,11.98,
2025-11-15,Lab,,17.36,
2025-11-15,Others,,2.62,
2025-11-15,PC,,1.60,
2025-11-15,Ref,,30.21,
2025-11-15,SNP,,2.78,
2025-11-16,Con,18.32,18.37,
2025-11-16,Grn,13.21,15.10,
2025-11-16,LD,13.03,12.14,
2025-11-16,Lab,19.12,17.88,
2025-11-16,Others,2.80,2.52,
2025-11-16,PC,1.06,1.47,
2025-11-16,Ref,29.63,29.73,
2025-11-16,SNP,2.86,2.69,
2025-11-17,Con,,18.78,18.23
2025-11-17,Grn,,14.97,13.51
2025-11-17,LD,,12.19,12.86
2025-11-17,Lab,,18.20,19.16
2025-11-17,Others,,2.50,2.90
2025-11-17,PC,,1.33,1.22
2025-11-17,Ref,,29.51,29.57
2025-11-17,SNP,,2.58,2.71
2025-11-18,Con,18.37,18.01,
2025-11-18,Grn,13.28,14.82,
2025-11-18,LD,13.02,12.02,
2025-11-18,Lab,19.07,18.00,
2025-11-18,Others,2.77,2.74,
2025-11-18,PC,1.07,1.17,
2025-11-18,Ref,29.58,29.84,
2025-11-18,SNP,2.86,2.40,
2025-11-19,Con,,17.27,18.21
2025-11-19,Grn,,14.53,13.56
2025-11-19,LD,,11.93,12.79
2025-11-19,Lab,,18.13,19.29
2025-11-19,Others,,3.10,2.91
2025-11-19,PC,,1.02,1.20
2025-11-19,Ref,,30.12,29.39
2025-11-19,SNP,,2.28,2.73
2025-11-20,Con,18.42,17.96,18.26
2025-11-20,Grn,13.36,14.01,13.52
2025-11-20,LD,13.00,12.30,12.88
2025-11-20,Lab,19.03,19.61,19.38
2025-11-20,Others,2.75,3.59,2.86
2025-11-20,PC,1.07,1.00,1.20
2025-11-20,Ref,29.54,29.71,29.34
2025-11-20,SNP,2.86,2.36,2.68
2025-11-21,Con,,18.42,18.51
2025-11-21,Grn,,13.69,13.36
2025-11-21,LD,,12.81,12.74
2025-11-21,Lab,,19.56,19.55
2025-11-21,Others,,3.47,2.75
2025-11-21,PC,,1.00,1.12
2025-11-21,Ref,,29.56,29.28
2025-11-21,SNP,,2.72,2.70
2025-11-22,Con,,18.49,
2025-11-22,Grn,,13.56,
2025-11-22,LD,,13.23,
2025-11-22,Lab,,19.55,
2025-11-22,Others,,3.32,
2025-11-22,PC,,1.00,
2025-11-22,Ref,,29.25,
2025-11-22,SNP,,2.88,
2025-11-23,Con,18.47,18.49,
2025-11-23,Grn,13.42,13.57,
2025-11-23,LD,12.99,13.51,
2025-11-23,Lab,18.99,19.48,
2025-11-23,Others,2.73,3.14,
2025-11-23,PC,1.07,1.00,
2025-11-23,Ref,29.49,28.96,
2025-11-23,SNP,2.86,2.93,
2025-11-24,Con,,18.47,18.68
2025-11-24,Grn,,13.66,13.41
2025-11-24,LD,,13.56,12.74
2025-11-24,Lab,,19.17,19.51
2025-11-24,Others,,2.91,2.75
2025-11-24,PC,,1.00,1.07
2025-11-24,Ref,,28.91,29.19
2025-11-24,SNP,,2.94,2.70
2025-11-25,Con,18.51,18.28,
2025-11-25,Grn,13.47,13.80,
2025-11-25,LD,12.98,13.14,
2025-11-25,Lab,18.96,18.34,
2025-11-25,Others,2.71,2.54,
2025-11-25,PC,1.07,1.00,
2025-11-25,Ref,29.44,29.37,
2025-11-25,SNP,2.86,2.90,
2025-11-26,Con,,18.24,18.68
2025-11-26,Grn,,13.85,13.41
2025-11-26,LD,,12.67,12.74
2025-11-26,Lab,,18.04,19.51
2025-11-26,Others,,2.22,2.75
2025-11-26,PC,,1.00,1.07
2025-11-26,Ref,,29.88,29.19
2025-11-26,SNP,,2.79,2.70
2025-11-27,Con,18.54,19.47,18.68
2025-11-27,Grn,13.50,13.68,13.41
2025-11-27,LD,12.97,12.53,12.74
2025-11-27,Lab,18.94,19.67,19.51
2025-11-27,Others,2.71,2.24,2.75
2025-11-27,PC,1.07,1.00,1.07
2025-11-27,Ref,29.40,29.97,29.19
2025-11-27,SNP,2.86,2.53,2.70
2025-11-28,Con,,17.95,18.86
2025-11-28,Grn,,13.63,13.02
2025-11-28,LD,,12.65,12.79
2025-11-28,Lab,,19.83,19.45
2025-11-28,Others,,2.63,2.74
2025-11-28,PC,,1.00,1.02
2025-11-28,Ref,,30.05,29.33
2025-11-28,SNP,,2.66,2.73
2025-11-29,Con,18.58,18.79,
2025-11-29,Grn,13.52,13.66,
2025-11-29,LD,12.97,13.09,
2025-11-29,Lab,18.93,19.55,
2025-11-29,Others,2.70,2.46,
2025-11-29,PC,1.07,1.00,
2025-11-29,Ref,29.36,30.15,
2025-11-29,SNP,2.85,2.53,
2025-11-30,Con,,19.83,18.90
2025-11-30,Grn,,13.79,13.02
2025-11-30,LD,,13.32,12.83
2025-11-30,Lab,,19.15,19.36
2025-11-30,Others,,2.25,2.74
2025-11-30,PC,,1.00,
2025-11-30,Ref,,30.13,29.25
2025-11-30,SNP,,2.41,2.77
2025-12-01,Con,18.62,19.98,18.97
2025-12-01,Grn,13.56,14.04,13.19
2025-12-01,LD,12.96,12.73,12.90
2025-12-01,Lab,18.91,18.85,19.15
2025-12-01,Others,2.69,2.39,2.64
2025-12-01,PC,1.07,1.00,1.02
2025-12-01,Ref,29.32,29.78,29.27
2025-12-01,SNP,2.85,2.62,2.84
2025-12-02,Con,,20.00,
2025-12-02,Grn,,14.41,
2025-12-02,LD,,12.17,
2025-12-02,Lab,,17.39,
2025-12-02,Others,,2.63,
2025-12-02,PC,,1.00,
2025-12-02,Ref,,29.97,
2025-12-02,SNP,,2.78,
2025-12-03,Con,18.65,20.00,18.98
2025-12-03,Grn,13.59,14.72,13.40
2025-12-03,LD,12.95,11.78,12.89
2025-12-03,Lab,18.90,15.96,19.17
2025-12-03,Others,2.68,2.82,2.46
2025-12-03,PC,1.07,1.00,1.03
2025-12-03,Ref,29.28,30.26,29.28
2025-12-03,SNP,2.85,2.91,2.83
2025-12-04,Con,,20.00,
2025-12-04,Grn,,14.81,
2025-12-04,LD,,11.77,
2025-12-04,Lab,,15.79,
2025-12-04,Others,,2.75,
2025-12-04,PC,,1.00,
2025-12-04,Ref,,30.29,
2025-12-04,SNP,,2.96,
2025-12-05,Con,18.67,20.00,
2025-12-05,Grn,13.60,14.76,
2025-12-05,LD,12.94,11.94,
2025-12-05,Lab,18.91,16.16,
2025-12-05,Others,2.67,2.59,
2025-12-05,PC,1.07,1.00,
2025-12-05,Ref,29.25,30.18,
2025-12-05,SNP,2.84,2.98,
2025-12-06,Con,,20.00,
2025-12-06,Grn,,14.63,
2025-12-06,LD,,12.18,
2025-12-06,Lab,,16.71,
2025-12-06,Others,,2.42,
2025-12-06,PC,,1.00,
2025-12-06,Ref,,30.01,
2025-12-06,SNP,,2.99,
2025-12-07,Con,18.71,19.98,
2025-12-07,Grn,13.62,14.51,
2025-12-07,LD,12.93,12.42,
2025-12-07,Lab,18.90,17.21,
2025-12-07,Others,2.66,2.26,
2025-12-07,PC,1.07,1.00,
2025-12-07,Ref,29.22,29.85,
2025-12-07,SNP,2.84,3.00,
2025-12-08,Con,,19.86,19.24
2025-12-08,Grn,,14.46,13.46
2025-12-08,LD,,12.57,12.80
2025-12-08,Lab,,17.37,18.86
2025-12-08,Others,,2.21,2.39
2025-12-08,PC,,1.00,1.02
2025-12-08,Ref,,29.76,29.30
2025-12-08,SNP,,3.00,2.94
2025-12-09,Con,,19.00,
2025-12-09,Grn,,14.57,
2025-12-09,LD,,12.50,
2025-12-09,Lab,,16.70,
2025-12-09,Others,,2.47,
2025-12-09,PC,,1.00,
2025-12-09,Ref,,29.82,
2025-12-09,SNP,,3.00,
2025-12-10,Con,18.73,18.14,19.49
2025-12-10,Grn,13.63,14.62,13.59
2025-12-10,LD,12.92,12.43,12.93
2025-12-10,Lab,18.91,16.27,18.62
2025-12-10,Others,2.65,2.70,2.30
2025-12-10,PC,1.07,1.00,1.02
2025-12-10,Ref,29.19,29.94,29.18
2025-12-10,SNP,2.83,3.01,2.93
2025-12-11,Con,,18.03,
2025-12-11,Grn,,14.45,
2025-12-11,LD,,12.58,
2025-12-11,Lab,,17.29,
2025-12-11,Others,,2.47,
2025-12-11,PC,,1.00,
2025-12-11,Ref,,30.03,
2025-12-11,SNP,,3.02,
2025-12-12,Con,18.76,18.10,19.33
2025-12-12,Grn,13.64,14.23,13.98
2025-12-12,LD,12.91,12.76,13.02
2025-12-12,Lab,18.92,18.50,18.33
2025-12-12,Others,2.66,2.18,2.29
2025-12-12,PC,1.06,1.00,1.03
2025-12-12,Ref,29.17,29.96,28.95
2025-12-12,SNP,2.83,3.04,3.03
2025-12-13,Con,,18.68,
2025-12-13,Grn,,14.17,
2025-12-13,LD,,12.82,
2025-12-13,Lab,,18.75,
2025-12-13,Others,,2.17,
2025-12-13,PC,,1.00,
2025-12-13,Ref,,29.50,
2025-12-13,SNP,,3.09,
2025-12-14,Con,18.79,19.32,
2025-12-14,Grn,13.65,14.16,
2025-12-14,LD,12.90,12.79,
2025-12-14,Lab,18.92,18.63,
2025-12-14,Others,2.65,2.24,
2025-12-14,PC,1.06,1.00,
2025-12-14,Ref,29.14,29.03,
2025-12-14,SNP,2.82,3.13,
2025-12-15,Con,,19.93,19.39
2025-12-15,Grn,,14.10,13.63
2025-12-15,LD,,12.66,13.07
2025-12-15,Lab,,18.48,18.48
2025-12-15,Others,,2.35,2.39
2025-12-15,PC,,1.00,1.03
2025-12-15,Ref,,28.89,28.84
2025-12-15,SNP,,3.11,3.03
2025-12-16,Con,18.81,20.13,19.39
2025-12-16,Grn,13.65,13.89,13.63
2025-12-16,LD,12.89,12.35,13.07
2025-12-16,Lab,18.93,18.64,18.48
2025-12-16,Others,2.65,2.49,2.39
2025-12-16,PC,1.06,1.00,1.03
2025-12-16,Ref,29.11,29.56,28.84
2025-12-16,SNP,2.82,2.91,3.03
2025-12-17,Con,,18.42,19.39
2025-12-17,Grn,,13.84,13.63
2025-12-17,LD,,12.47,13.07
2025-12-17,Lab,,17.61,18.48
2025-12-17,Others,,2.63,2.39
2025-12-17,PC,,1.00,1.03
2025-12-17,Ref,,30.07,28.84
2025-12-17,SNP,,2.63,3.03
2025-12-18,Con,18.83,18.92,19.39
2025-12-18,Grn,13.66,13.57,13.63
2025-12-18,LD,12.88,13.31,13.07
2025-12-18,Lab,18.95,18.88,18.48
2025-12-18,Others,2.65,2.20,2.39
2025-12-18,PC,1.06,1.00,1.03
2025-12-18,Ref,29.09,29.51,28.84
2025-12-18,SNP,2.81,2.84,3.03
2025-12-19,Con,,18.99,
2025-12-19,Grn,,13.55,
2025-12-19,LD,,13.81,
2025-12-19,Lab,,19.43,
2025-12-19,Others,,2.07,
2025-12-19,PC,,1.00,
2025-12-19,Ref,,28.77,
2025-12-19,SNP,,2.93,
2025-12-20,Con,18.85,19.00,
2025-12-20,Grn,13.67,13.70,
2025-12-20,LD,12.87,14.09,
2025-12-20,Lab,18.96,19.63,
2025-12-20,Others,2.65,2.05,
2025-12-20,PC,1.06,1.00,
2025-12-20,Ref,29.06,28.03,
2025-12-20,SNP,2.81,2.97,
2025-12-21,Con,,19.04,
2025-12-21,Grn,,13.92,
2025-12-21,LD,,14.16,
2025-12-21,Lab,,19.58,
2025-12-21,Others,,2.11,
2025-12-21,PC,,1.00,
2025-12-21,Ref,,27.50,
2025-12-21,SNP,,2.99,
2025-12-22,Con,18.89,19.30,19.24
2025-12-22,Grn,13.68,14.16,13.80
2025-12-22,LD,12.86,13.95,13.04
2025-12-22,Lab,18.97,19.27,18.48
2025-12-22,Others,2.65,2.32,2.52
2025-12-22,PC,1.06,1.00,1.07
2025-12-22,Ref,29.02,27.41,28.88
2025-12-22,SNP,2.81,2.99,3.04
2025-12-23,Con,,21.13,19.39
2025-12-23,Grn,,14.34,14.01
2025-12-23,LD,,13.23,13.04
2025-12-23,Lab,,18.50,18.30
2025-12-23,Others,,3.00,2.58
2025-12-23,PC,,1.00,1.07
2025-12-23,Ref,,28.21,28.63
2025-12-23,SNP,,3.00,3.05
2025-12-24,Con,,18.42,19.39
2025-12-24,Grn,,14.89,14.01
2025-12-24,LD,,12.62,13.04
2025-12-24,Lab,,16.13,18.30
2025-12-24,Others,,3.69,2.58
2025-12-24,PC,,1.01,1.07
2025-12-24,Ref,,29.09,28.63
2025-12-24,SNP,,3.00,3.05
2025-12-25,Con,18.92,17.92,
2025-12-25,Grn,13.68,15.29,
2025-12-25,LD,12.86,12.32,
2025-12-25,Lab,18.97,15.12,
2025-12-25,Others,2.66,3.90,
2025-12-25,PC,1.06,1.14,
2025-12-25,Ref,28.98,29.63,
2025-12-25,SNP,2.81,3.00,
2025-12-26,Con,,17.72,
2025-12-26,Grn,,15.57,
2025-12-26,LD,,12.17,
2025-12-26,Lab,,14.74,
2025-12-26,Others,,3.97,
2025-12-26,PC,,1.29,
2025-12-26,Ref,,29.99,
2025-12-26,SNP,,3.00,
2025-12-27,Con,18.94,17.57,
2025-12-27,Grn,13.69,15.76,
2025-12-27,LD,12.85,12.10,
2025-12-27,Lab,18.99,14.65,
2025-12-27,Others,2.65,3.99,
2025-12-27,PC,1.06,1.43,
2025-12-27,Ref,28.95,30.24,
2025-12-27,SNP,2.80,3.00,
2025-12-28,Con,,17.43,
2025-12-28,Grn,,15.86,
2025-12-28,LD,,12.07,
2025-12-28,Lab,,14.69,
2025-12-28,Others,,3.99,
2025-12-28,PC,,1.57,
2025-12-28,Ref,,30.41,
2025-12-28,SNP,,3.00,
2025-12-29,Con,18.96,17.29,
2025-12-29,Grn,13.70,15.88,
2025-12-29,LD,12.84,12.08,
2025-12-29,Lab,18.99,14.81,
2025-12-29,Others,2.67,3.99,
2025-12-29,PC,1.05,1.71,
2025-12-29,Ref,28.91,30.53,
2025-12-29,SNP,2.80,3.00,
2025-12-30,Con,,17.16,
2025-12-30,Grn,,15.82,
2025-12-30,LD,,12.14,
2025-12-30,Lab,,14.99,
2025-12-30,Others,,3.96,
2025-12-30,PC,,1.85,
2025-12-30,Ref,,30.58,
2025-12-30,SNP,,3.00,
2025-12-31,Con,18.98,17.14,19.19
2025-12-31,Grn,13.72,15.67,14.19
2025-12-31,LD,12.84,12.25,13.34
2025-12-31,Lab,19.00,15.26,17.94
2025-12-31,Others,2.68,3.86,2.57
2025-12-31,PC,1.05,1.97,1.09
2025-12-31,Ref,28.88,30.53,28.50
2025-12-31,SNP,2.80,3.00,2.91
2026-01-01,Con,,17.82,
2026-01-01,Grn,,15.44,
2026-01-01,LD,,12.50,
2026-01-01,Lab,,15.69,
2026-01-01,Others,,3.56,
2026-01-01,PC,,1.80,
2026-01-01,Ref,,30.31,
2026-01-01,SNP,,3.00,
2026-01-02,Con,18.97,18.60,
2026-01-02,Grn,13.75,15.16,
2026-01-02,LD,12.82,12.79,
2026-01-02,Lab,19.01,16.19,
2026-01-02,Others,2.71,3.19,
2026-01-02,PC,1.05,1.60,
2026-01-02,Ref,28.84,30.01,
2026-01-02,SNP,2.79,3.00,
2026-01-03,Con,,19.40,
2026-01-03,Grn,,14.87,
2026-01-03,LD,,13.07,
2026-01-03,Lab,,16.67,
2026-01-03,Others,,2.81,
2026-01-03,PC,,1.40,
2026-01-03,Ref,,29.72,
2026-01-03,SNP,,3.00,
2026-01-04,Con,18.98,20.16,
2026-01-04,Grn,13.77,14.63,
2026-01-04,LD,12.81,13.30,
2026-01-04,Lab,19.01,17.07,
2026-01-04,Others,2.73,2.44,
2026-01-04,PC,1.05,1.20,
2026-01-04,Ref,28.80,29.51,
2026-01-04,SNP,2.79,2.99,
2026-01-05,Con,,20.74,19.31
2026-01-05,Grn,,14.47,13.78
2026-01-05,LD,,13.37,13.07
2026-01-05,Lab,,17.25,18.24
2026-01-05,Others,,2.14,2.66
2026-01-05,PC,,1.02,1.07
2026-01-05,Ref,,29.48,28.79
2026-01-05,SNP,,2.99,2.72
2026-01-06,Con,18.98,19.97,
2026-01-06,Grn,13.80,14.45,
2026-01-06,LD,12.80,13.15,
2026-01-06,Lab,19.01,16.96,
2026-01-06,Others,2.76,2.06,
2026-01-06,PC,1.05,1.00,
2026-01-06,Ref,28.76,29.82,
2026-01-06,SNP,2.79,2.97,
2026-01-07,Con,,19.02,
2026-01-07,Grn,,14.46,
2026-01-07,LD,,12.82,
2026-01-07,Lab,,16.65,
2026-01-07,Others,,2.06,
2026-01-07,PC,,1.00,
2026-01-07,Ref,,30.21,
2026-01-07,SNP,,2.93,
2026-01-08,Con,18.97,18.21,19.31
2026-01-08,Grn,13.83,14.39,13.78
2026-01-08,LD,12.79,12.58,13.07
2026-01-08,Lab,19.01,16.75,18.24
2026-01-08,Others,2.79,2.14,2.66
2026-01-08,PC,1.05,1.00,1.07
2026-01-08,Ref,28.72,30.37,28.79
2026-01-08,SNP,2.79,2.83,2.72
2026-01-09,Con,,18.50,19.40
2026-01-09,Grn,,14.15,13.78
2026-01-09,LD,,12.62,13.13
2026-01-09,Lab,,17.96,18.58
2026-01-09,Others,,2.44,2.73
2026-01-09,PC,,1.00,0.99
2026-01-09,Ref,,29.94,28.22
2026-01-09,SNP,,2.61,2.73
2026-01-10,Con,,18.76,
2026-01-10,Grn,,13.91,
2026-01-10,LD,,12.47,
2026-01-10,Lab,,18.51,
2026-01-10,Others,,2.65,
2026-01-10,PC,,1.00,
2026-01-10,Ref,,30.04,
2026-01-10,SNP,,2.47,
2026-01-11,Con,18.96,19.10,19.45
2026-01-11,Grn,13.87,13.74,13.78
2026-01-11,LD,12.78,12.55,13.08
2026-01-11,Lab,19.01,18.75,18.53
2026-01-11,Others,2.82,2.70,2.68
2026-01-11,PC,1.05,1.00,
2026-01-11,Ref,28.68,29.88,28.27
2026-01-11,SNP,2.78,2.50,2.73
2026-01-12,Con,,19.96,19.45
2026-01-12,Grn,,13.69,13.78
2026-01-12,LD,,13.39,13.08
2026-01-12,Lab,,18.83,18.53
2026-01-12,Others,,2.31,2.68
2026-01-12,PC,,1.00,0.94
2026-01-12,Ref,,28.58,28.27
2026-01-12,SNP,,2.90,2.73
2026-01-13,Con,18.95,20.63,19.27
2026-01-13,Grn,13.90,13.62,13.57
2026-01-13,LD,12.77,12.95,13.07
2026-01-13,Lab,19.00,18.79,18.78
2026-01-13,Others,2.85,2.39,2.70
2026-01-13,PC,1.05,1.00,0.94
2026-01-13,Ref,28.64,28.95,28.46
2026-01-13,SNP,2.78,2.47,2.75
2026-01-14,Con,,19.35,19.27
2026-01-14,Grn,,13.66,13.57
2026-01-14,LD,,12.98,13.07
2026-01-14,Lab,,18.62,18.78
2026-01-14,Others,,3.04,2.70
2026-01-14,PC,,0.99,0.94
2026-01-14,Ref,,28.57,28.46
2026-01-14,SNP,,2.40,2.75
2026-01-15,Con,18.93,19.91,19.31
2026-01-15,Grn,13.95,13.64,13.40
2026-01-15,LD,12.75,13.73,13.07
2026-01-15,Lab,19.00,18.85,18.94
2026-01-15,Others,2.90,3.01,2.72
2026-01-15,PC,1.05,0.95,
2026-01-15,Ref,28.59,28.21,28.49
2026-01-15,SNP,2.77,2.25,2.76
2026-01-16,Con,,19.99,
2026-01-16,Grn,,13.67,
2026-01-16,LD,,13.86,
2026-01-16,Lab,,18.98,
2026-01-16,Others,,3.00,
2026-01-16,PC,,0.90,
2026-01-16,Ref,,27.94,
2026-01-16,SNP,,2.29,
2026-01-17,Con,18.92,20.00,
2026-01-17,Grn,13.99,13.73,
2026-01-17,LD,12.74,13.67,
2026-01-17,Lab,18.99,19.03,
2026-01-17,Others,2.95,3.00,
2026-01-17,PC,1.05,0.85,
2026-01-17,Ref,28.55,27.77,
2026-01-17,SNP,2.77,2.41,
2026-01-18,Con,,19.98,
2026-01-18,Grn,,13.80,
2026-01-18,LD,,13.32,
2026-01-18,Lab,,18.93,
2026-01-18,Others,,3.00,
2026-01-18,PC,,0.80,
2026-01-18,Ref,,27.80,
2026-01-18,SNP,,2.56,
2026-01-19,Con,18.89,19.86,18.90
2026-01-19,Grn,14.04,13.88,13.48
2026-01-19,LD,12.72,12.88,12.71
2026-01-19,Lab,18.99,18.54,19.44
2026-01-19,Others,2.99,3.00,2.78
2026-01-19,PC,1.05,0.77,0.95
2026-01-19,Ref,28.50,28.17,28.66
2026-01-19,SNP,2.77,2.71,2.71
2026-01-20,Con,,18.99,
2026-01-20,Grn,,13.95,
2026-01-20,LD,,12.38,
2026-01-20,Lab,,17.55,
2026-01-20,Others,,3.00,
2026-01-20,PC,,0.88,
2026-01-20,Ref,,29.15,
2026-01-20,SNP,,2.84,
2026-01-21,Con,18.86,18.07,18.95
2026-01-21,Grn,14.10,13.91,13.41
2026-01-21,LD,12.70,12.07,12.67
2026-01-21,Lab,18.98,17.06,19.50
2026-01-21,Others,3.03,3.00,2.82
2026-01-21,PC,1.05,0.99,0.94
2026-01-21,Ref,28.45,30.09,28.68
2026-01-21,SNP,2.76,2.93,2.74
2026-01-22,Con,,17.55,
2026-01-22,Grn,,13.65,
2026-01-22,LD,,12.28,
2026-01-22,Lab,,18.53,
2026-01-22,Others,,2.99,
2026-01-22,PC,,1.00,
2026-01-22,Ref,,30.34,
2026-01-22,SNP,,2.96,
2026-01-23,Con,18.85,17.28,18.99
2026-01-23,Grn,14.13,13.37,13.53
2026-01-23,LD,12.69,12.63,12.72
2026-01-23,Lab,18.98,20.33,19.48
2026-01-23,Others,3.10,2.97,2.70
2026-01-23,PC,1.05,1.00,1.02
2026-01-23,Ref,28.41,30.16,28.75
2026-01-23,SNP,2.75,2.97,2.69
2026-01-24,Con,,18.46,
2026-01-24,Grn,,13.25,
2026-01-24,LD,,12.80,
2026-01-24,Lab,,21.07,
2026-01-24,Others,,2.92,
2026-01-24,PC,,1.00,
2026-01-24,Ref,,29.67,
2026-01-24,SNP,,2.96,
2026-01-25,Con,18.81,19.45,18.84
2026-01-25,Grn,14.21,13.33,13.81
2026-01-25,LD,12.67,12.87,12.85
2026-01-25,Lab,18.98,21.22,19.43
2026-01-25,Others,3.16,2.73,2.63
2026-01-25,PC,1.05,1.01,1.02
2026-01-25,Ref,28.34,29.07,28.76
2026-01-25,SNP,2.75,2.92,2.73
2026-01-26,Con,,17.56,18.78
2026-01-26,Grn,,13.64,13.85
2026-01-26,LD,,12.88,12.74
2026-01-26,Lab,,20.86,19.45
2026-01-26,Others,,2.15,2.61
2026-01-26,PC,,1.08,1.02
2026-01-26,Ref,,28.49,28.79
2026-01-26,SNP,,2.82,2.77
2026-01-27,Con,,18.58,18.58
2026-01-27,Grn,,13.78,13.79
2026-01-27,LD,,12.34,12.55
2026-01-27,Lab,,20.42,19.71
2026-01-27,Others,,1.80,2.64
2026-01-27,PC,,1.81,1.02
2026-01-27,Ref,,29.18,28.95
2026-01-27,SNP,,2.57,2.72
2026-01-28,Con,18.77,17.43,18.58
2026-01-28,Grn,14.29,14.05,13.79
2026-01-28,LD,12.65,11.97,12.55
2026-01-28,Lab,18.96,18.96,19.71
2026-01-28,Others,3.23,2.65,2.64
2026-01-28,PC,1.05,1.04,1.02
2026-01-28,Ref,28.27,29.57,28.95
2026-01-28,SNP,2.74,2.77,2.72
2026-01-29,Con,,18.51,18.58
2026-01-29,Grn,,13.97,13.79
2026-01-29,LD,,12.06,12.55
2026-01-29,Lab,,18.76,19.71
2026-01-29,Others,,2.99,2.64
2026-01-29,PC,,0.58,1.02
2026-01-29,Ref,,30.17,28.95
2026-01-29,SNP,,2.78,2.72
2026-01-30,Con,18.74,19.66,
2026-01-30,Grn,14.38,14.00,
2026-01-30,LD,12.63,12.44,
2026-01-30,Lab,18.95,18.40,
2026-01-30,Others,3.29,2.56,
2026-01-30,PC,1.04,0.76,
2026-01-30,Ref,28.19,30.29,
2026-01-30,SNP,2.74,2.63,
2026-01-31,Con,,20.76,
2026-01-31,Grn,,14.09,
2026-01-31,LD,,12.86,
2026-01-31,Lab,,18.08,
2026-01-31,Others,,1.96,
2026-01-31,PC,,1.00,
2026-01-31,Ref,,30.15,
2026-01-31,SNP,,2.45,
2026-02-01,Con,18.71,21.45,18.45
2026-02-01,Grn,14.47,14.23,13.82
2026-02-01,LD,12.60,13.13,12.45
2026-02-01,Lab,18.93,18.02,19.94
2026-02-01,Others,3.36,1.56,2.53
2026-02-01,PC,1.04,1.25,
2026-02-01,Ref,28.11,29.88,29.32
2026-02-01,SNP,2.73,2.37,2.69
2026-02-02,Con,,19.27,18.50
2026-02-02,Grn,,14.38,13.63
2026-02-02,LD,,12.99,12.50
2026-02-02,Lab,,18.61,19.96
2026-02-02,Others,,2.00,2.72
2026-02-02,PC,,1.45,1.15
2026-02-02,Ref,,29.56,29.44
2026-02-02,SNP,,2.56,2.62
2026-02-03,Con,18.67,18.53,
2026-02-03,Grn,14.55,14.60,
2026-02-03,LD,12.58,12.34,
2026-02-03,Lab,18.91,18.32,
2026-02-03,Others,3.42,2.45,
2026-02-03,PC,1.05,1.25,
2026-02-03,Ref,28.03,29.82,
2026-02-03,SNP,2.73,2.41,
2026-02-04,Con,,17.94,18.62
2026-02-04,Grn,,14.73,13.83
2026-02-04,LD,,11.62,12.46
2026-02-04,Lab,,18.22,19.81
2026-02-04,Others,,2.82,2.70
2026-02-04,PC,,1.03,1.17
2026-02-04,Ref,,30.20,29.32
2026-02-04,SNP,,2.20,2.59
2026-02-05,Con,18.64,17.02,
2026-02-05,Grn,14.65,14.64,
2026-02-05,LD,12.55,11.20,
2026-02-05,Lab,18.89,19.55,
2026-02-05,Others,3.49,2.91,
2026-02-05,PC,1.05,1.01,
2026-02-05,Ref,27.95,30.28,
2026-02-05,SNP,2.72,2.14,
2026-02-06,Con,,16.24,18.69
2026-02-06,Grn,,14.49,14.02
2026-02-06,LD,,11.13,12.33
2026-02-06,Lab,,20.90,19.59
2026-02-06,Others,,2.88,2.86
2026-02-06,PC,,1.03,1.17
2026-02-06,Ref,,30.10,29.19
2026-02-06,SNP,,2.18,2.59
2026-02-07,Con,18.61,16.70,
2026-02-07,Grn,14.74,14.44,
2026-02-07,LD,12.53,11.60,
2026-02-07,Lab,18.87,20.92,
2026-02-07,Others,3.55,2.65,
2026-02-07,PC,1.05,1.34,
2026-02-07,Ref,27.87,29.58,
2026-02-07,SNP,2.72,2.35,
2026-02-08,Con,,17.37,
2026-02-08,Grn,,14.42,
2026-02-08,LD,,12.21,
2026-02-08,Lab,,20.46,
2026-02-08,Others,,2.41,
2026-02-08,PC,,1.65,
2026-02-08,Ref,,29.04,
2026-02-08,SNP,,2.54,
2026-02-09,Con,18.58,18.24,18.76
2026-02-09,Grn,14.83,14.36,14.32
2026-02-09,LD,12.50,12.59,12.36
2026-02-09,Lab,18.85,20.07,19.59
2026-02-09,Others,3.62,2.27,3.08
2026-02-09,PC,1.05,1.88,1.28
2026-02-09,Ref,27.79,28.75,28.56
2026-02-09,SNP,2.72,2.62,2.59
2026-02-10,Con,,20.37,18.76
2026-02-10,Grn,,14.18,14.32
2026-02-10,LD,,12.28,12.36
2026-02-10,Lab,,20.37,19.59
2026-02-10,Others,,2.54,3.08
2026-02-10,PC,,1.09,1.28
2026-02-10,Ref,,29.11,28.56
2026-02-10,SNP,,2.43,2.59
2026-02-11,Con,,19.19,18.76
2026-02-11,Grn,,14.30,14.32
2026-02-11,LD,,12.10,12.36
2026-02-11,Lab,,19.00,19.59
2026-02-11,Others,,3.62,3.08
2026-02-11,PC,,1.01,1.28
2026-02-11,Ref,,29.14,28.56
2026-02-11,SNP,,2.55,2.59
2026-02-12,Con,18.55,19.03,18.56
2026-02-12,Grn,14.92,14.16,14.34
2026-02-12,LD,12.48,12.46,12.26
2026-02-12,Lab,18.83,19.53,19.75
2026-02-12,Others,3.68,4.15,3.21
2026-02-12,PC,1.05,1.00,1.28
2026-02-12,Ref,27.71,29.23,28.46
2026-02-12,SNP,2.71,2.34,2.63
2026-02-13,Con,,19.00,
2026-02-13,Grn,,14.17,
2026-02-13,LD,,12.56,
2026-02-13,Lab,,19.77,
2026-02-13,Others,,4.14,
2026-02-13,PC,,1.00,
2026-02-13,Ref,,28.84,
2026-02-13,SNP,,2.39,
2026-02-14,Con,18.52,19.00,
2026-02-14,Grn,15.02,14.29,
2026-02-14,LD,12.45,12.50,
2026-02-14,Lab,18.81,19.87,
2026-02-14,Others,3.75,3.97,
2026-02-14,PC,1.05,1.00,
2026-02-14,Ref,27.63,28.27,
2026-02-14,SNP,2.71,2.54,
2026-02-15,Con,,19.02,
2026-02-15,Grn,,14.48,
2026-02-15,LD,,12.31,
2026-02-15,Lab,,19.88,
2026-02-15,Others,,3.77,
2026-02-15,PC,,1.00,
2026-02-15,Ref,,27.69,
2026-02-15,SNP,,2.72,
2026-02-16,Con,18.49,19.16,18.62
2026-02-16,Grn,15.11,14.71,14.61
2026-02-16,LD,12.42,11.98,12.26
2026-02-16,Lab,18.79,19.81,19.54
2026-02-16,Others,3.82,3.58,3.77
2026-02-16,PC,1.05,1.01,1.17
2026-02-16,Ref,27.55,27.33,27.57
2026-02-16,SNP,2.70,2.87,2.64
2026-02-17,Con,,20.15,18.81
2026-02-17,Grn,,14.96,14.61
2026-02-17,LD,,11.39,12.46
2026-02-17,Lab,,19.62,19.06
2026-02-17,Others,,3.52,4.05
2026-02-17,PC,,1.09,1.07
2026-02-17,Ref,,27.45,27.47
2026-02-17,SNP,,2.93,2.74
2026-02-18,Con,18.47,16.68,18.81
2026-02-18,Grn,15.21,15.41,14.61
2026-02-18,LD,12.39,10.99,12.46
2026-02-18,Lab,18.76,17.92,19.06
2026-02-18,Others,3.89,5.72,4.05
2026-02-18,PC,1.05,1.89,1.07
2026-02-18,Ref,27.47,27.37,27.47
2026-02-18,SNP,2.70,2.94,2.74
2026-02-19,Con,,16.76,
2026-02-19,Grn,,15.68,
2026-02-19,LD,,11.07,
2026-02-19,Lab,,17.44,
2026-02-19,Others,,6.00,
2026-02-19,PC,,1.79,
2026-02-19,Ref,,27.06,
2026-02-19,SNP,,2.91,
2026-02-20,Con,18.44,17.35,
2026-02-20,Grn,15.31,15.83,
2026-02-20,LD,12.37,11.37,
2026-02-20,Lab,18.74,17.50,
2026-02-20,Others,3.95,5.69,
2026-02-20,PC,1.05,1.60,
2026-02-20,Ref,27.38,26.66,
2026-02-20,SNP,2.70,2.86,
2026-02-21,Con,,18.00,
2026-02-21,Grn,,15.88,
2026-02-21,LD,,11.77,
2026-02-21,Lab,,17.75,
2026-02-21,Others,,5.23,
2026-02-21,PC,,1.40,
2026-02-21,Ref,,26.25,
2026-02-21,SNP,,2.82,
2026-02-22,Con,18.41,18.64,
2026-02-22,Grn,15.40,15.89,
2026-02-22,LD,12.34,12.14,
2026-02-22,Lab,18.71,17.97,
2026-02-22,Others,4.02,4.80,
2026-02-22,PC,1.05,1.20,
2026-02-22,Ref,27.30,25.93,
2026-02-22,SNP,2.69,2.78,
2026-02-23,Con,,19.14,18.38
2026-02-23,Grn,,15.88,15.10
2026-02-23,LD,,12.39,12.33
2026-02-23,Lab,,17.92,18.80
2026-02-23,Others,,4.66,4.49
2026-02-23,PC,,1.02,0.98
2026-02-23,Ref,,25.83,26.85
2026-02-23,SNP,,2.77,2.77
2026-02-24,Con,18.38,18.65,
2026-02-24,Grn,15.50,15.88,
2026-02-24,LD,12.31,12.35,
2026-02-24,Lab,18.69,17.17,
2026-02-24,Others,4.09,5.50,
2026-02-24,PC,1.05,1.00,
2026-02-24,Ref,27.21,26.15,
2026-02-24,SNP,2.69,2.85,
2026-02-25,Con,,18.09,18.14
2026-02-25,Grn,,15.82,15.30
2026-02-25,LD,,12.23,12.05
2026-02-25,Lab,,16.54,18.79
2026-02-25,Others,,6.35,4.60
2026-02-25,PC,,0.95,0.99
2026-02-25,Ref,,26.77,27.01
2026-02-25,SNP,,2.93,2.75
2026-02-26,Con,18.35,18.01,
2026-02-26,Grn,15.60,15.61,
2026-02-26,LD,12.28,12.21,
2026-02-26,Lab,18.66,16.88,
2026-02-26,Others,4.16,6.22,
2026-02-26,PC,1.05,0.50,
2026-02-26,Ref,27.13,27.68,
2026-02-26,SNP,2.69,2.97,
2026-02-27,Con,,18.00,18.10
2026-02-27,Grn,,15.40,15.08
2026-02-27,LD,,12.31,12.03
2026-02-27,Lab,,17.48,18.84
2026-02-27,Others,,5.67,4.64
2026-02-27,PC,,0.08,0.99
2026-02-27,Ref,,28.47,27.38
2026-02-27,SNP,,2.98,2.68
2026-02-28,Con,,17.99,
2026-02-28,Grn,,15.36,
2026-02-28,LD,,12.55,
2026-02-28,Lab,,17.74,
2026-02-28,Others,,4.62,
2026-02-28,PC,,0.34,
2026-02-28,Ref,,28.70,
2026-02-28,SNP,,2.98,
2026-03-01,Con,18.32,17.95,17.99
2026-03-01,Grn,15.70,15.42,15.64
2026-03-01,LD,12.26,12.82,12.16
2026-03-01,Lab,18.63,17.83,18.74
2026-03-01,Others,4.23,3.76,4.68
2026-03-01,PC,1.05,0.66,
2026-03-01,Ref,27.04,28.45,26.98
2026-03-01,SNP,2.68,2.95,2.67
2026-03-02,Con,,17.62,17.99
2026-03-02,Grn,,15.51,15.70
2026-03-02,LD,,13.00,12.24
2026-03-02,Lab,,17.80,18.66
2026-03-02,Others,,4.03,4.65
2026-03-02,PC,,0.97,0.94
2026-03-02,Ref,,27.63,26.98
2026-03-02,SNP,,2.89,2.68
2026-03-03,Con,18.29,17.90,
2026-03-03,Grn,15.80,15.45,
2026-03-03,LD,12.23,12.69,
2026-03-03,Lab,18.61,18.29,
2026-03-03,Others,4.30,4.33,
2026-03-03,PC,1.05,1.00,
2026-03-03,Ref,26.95,27.41,
2026-03-03,SNP,2.68,2.75,
2026-03-04,Con,,18.24,
2026-03-04,Grn,,15.35,
2026-03-04,LD,,12.18,
2026-03-04,Lab,,18.90,
2026-03-04,Others,,4.64,
2026-03-04,PC,,1.00,
2026-03-04,Ref,,27.50,
2026-03-04,SNP,,2.59,
2026-03-05,Con,18.26,18.36,17.99
2026-03-05,Grn,15.91,15.30,15.70
2026-03-05,LD,12.20,11.65,12.24
2026-03-05,Lab,18.58,19.31,18.66
2026-03-05,Others,4.37,4.92,4.65
2026-03-05,PC,1.06,1.00,0.94
2026-03-05,Ref,26.87,27.74,26.98
2026-03-05,SNP,2.68,2.46,2.68
2026-03-06,Con,,16.88,17.91
2026-03-06,Grn,,15.38,15.83
2026-03-06,LD,,11.27,12.18
2026-03-06,Lab,,19.06,18.55
2026-03-06,Others,,5.07,4.70
2026-03-06,PC,,1.00,0.94
2026-03-06,Ref,,28.00,27.20
2026-03-06,SNP,,2.43,2.61
2026-03-07,Con,18.23,17.38,
2026-03-07,Grn,16.01,15.31,
2026-03-07,LD,12.17,11.51,
2026-03-07,Lab,18.55,19.49,
2026-03-07,Others,4.45,4.59,
2026-03-07,PC,1.06,1.00,
2026-03-07,Ref,26.78,28.26,
2026-03-07,SNP,2.68,2.34,
2026-03-08,Con,,18.15,
2026-03-08,Grn,,15.25,
2026-03-08,LD,,11.99,
2026-03-08,Lab,,20.02,
2026-03-08,Others,,3.98,
2026-03-08,PC,,1.00,
2026-03-08,Ref,,28.37,
2026-03-08,SNP,,2.25,
2026-03-09,Con,18.20,18.80,17.87
2026-03-09,Grn,16.11,15.33,15.87
2026-03-09,LD,12.14,12.47,12.14
2026-03-09,Lab,18.52,20.13,18.59
2026-03-09,Others,4.52,3.59,4.70
2026-03-09,PC,1.06,1.04,0.94
2026-03-09,Ref,26.69,28.12,27.15
2026-03-09,SNP,2.67,2.24,2.61
2026-03-10,Con,,18.38,17.80
2026-03-10,Grn,,15.70,16.01
2026-03-10,LD,,12.70,12.14
2026-03-10,Lab,,19.04,18.79
2026-03-10,Others,,4.09,4.63
2026-03-10,PC,,1.36,1.01
2026-03-10,Ref,,27.19,26.95
2026-03-10,SNP,,2.40,2.61
2026-03-11,Con,18.18,17.32,17.80
2026-03-11,Grn,16.22,16.06,16.01
2026-03-11,LD,12.12,12.29,12.14
2026-03-11,Lab,18.49,18.30,18.79
2026-03-11,Others,4.59,4.74,4.63
2026-03-11,PC,1.06,0.60,1.01
2026-03-11,Ref,26.60,27.06,26.95
2026-03-11,SNP,2.67,2.86,2.61
2026-03-12,Con,,17.94,17.89
2026-03-12,Grn,,16.22,15.86
2026-03-12,LD,,13.00,12.19
2026-03-12,Lab,,17.75,18.84
2026-03-12,Others,,4.24,4.67
2026-03-12,PC,,0.61,
2026-03-12,Ref,,26.95,26.83
2026-03-12,SNP,,2.84,2.61
2026-03-13,Con,18.15,18.24,
2026-03-13,Grn,16.32,16.32,
2026-03-13,LD,12.09,13.22,
2026-03-13,Lab,18.46,17.67,
2026-03-13,Others,4.66,4.09,
2026-03-13,PC,1.06,0.70,
2026-03-13,Ref,26.51,26.83,
2026-03-13,SNP,2.67,2.71,
2026-03-14,Con,,18.50,
2026-03-14,Grn,,16.39,
2026-03-14,LD,,13.19,
2026-03-14,Lab,,17.79,
2026-03-14,Others,,4.07,
2026-03-14,PC,,0.80,
2026-03-14,Ref,,26.69,
2026-03-14,SNP,,2.53,
2026-03-15,Con,18.12,18.72,
2026-03-15,Grn,16.43,16.45,
2026-03-15,LD,12.06,13.00,
2026-03-15,Lab,18.42,17.94,
2026-03-15,Others,4.74,4.15,
2026-03-15,PC,1.06,0.90,
2026-03-15,Ref,26.42,26.53,
2026-03-15,SNP,2.67,2.39,
2026-03-16,Con,,18.82,17.72
2026-03-16,Grn,,16.52,16.74
2026-03-16,LD,,12.69,12.26
2026-03-16,Lab,,17.96,18.36
2026-03-16,Others,,4.44,4.59
2026-03-16,PC,,0.99,1.08
2026-03-16,Ref,,26.33,26.38
2026-03-16,SNP,,2.34,2.65
2026-03-17,Con,,18.00,
2026-03-17,Grn,,16.64,
2026-03-17,LD,,12.23,
2026-03-17,Lab,,17.63,
2026-03-17,Others,,5.40,
2026-03-17,PC,,1.00,
2026-03-17,Ref,,26.06,
2026-03-17,SNP,,2.55,
2026-03-18,Con,18.09,17.14,17.90
2026-03-18,Grn,16.53,16.69,16.90
2026-03-18,LD,12.03,11.88,12.52
2026-03-18,Lab,18.39,17.56,18.21
2026-03-18,Others,4.81,6.20,4.60
2026-03-18,PC,1.06,1.00,1.09
2026-03-18,Ref,26.32,25.91,26.04
2026-03-18,SNP,2.66,2.81,2.67
2026-03-19,Con,,17.05,
2026-03-19,Grn,,16.58,
2026-03-19,LD,,11.95,
2026-03-19,Lab,,18.47,
2026-03-19,Others,,5.81,
2026-03-19,PC,,1.00,
2026-03-19,Ref,,26.10,
2026-03-19,SNP,,2.92,
2026-03-20,Con,18.06,17.21,18.16
2026-03-20,Grn,16.64,16.44,17.21
2026-03-20,LD,12.01,12.25,12.29
2026-03-20,Lab,18.36,19.36,18.02
2026-03-20,Others,4.89,5.12,4.77
2026-03-20,PC,1.06,1.00,1.08
2026-03-20,Ref,26.23,26.32,25.68
2026-03-20,SNP,2.66,2.96,2.71
2026-03-21,Con,,18.46,
2026-03-21,Grn,,16.40,
2026-03-21,LD,,12.67,
2026-03-21,Lab,,19.21,
2026-03-21,Others,,4.62,
2026-03-21,PC,,1.00,
2026-03-21,Ref,,26.30,
2026-03-21,SNP,,2.98,
2026-03-22,Con,18.03,19.47,18.27
2026-03-22,Grn,16.75,16.57,17.18
2026-03-22,LD,11.98,12.93,12.37
2026-03-22,Lab,18.32,18.56,17.85
2026-03-22,Others,4.96,4.29,4.78
2026-03-22,PC,1.06,1.04,1.11
2026-03-22,Ref,26.14,26.02,25.59
2026-03-22,SNP,2.66,2.98,2.69
2026-03-23,Con,,17.68,18.27
2026-03-23,Grn,,17.05,17.35
2026-03-23,LD,,12.67,12.15
2026-03-23,Lab,,17.63,17.74
2026-03-23,Others,,4.40,4.96
2026-03-23,PC,,1.43,1.10
2026-03-23,Ref,,25.37,25.53
2026-03-23,SNP,,2.96,2.69
2026-03-24,Con,18.00,16.82,
2026-03-24,Grn,16.86,17.40,
2026-03-24,LD,11.95,12.00,
2026-03-24,Lab,18.29,17.10,
2026-03-24,Others,5.03,4.37,
2026-03-24,PC,1.06,1.25,
2026-03-24,Ref,26.04,25.24,
2026-03-24,SNP,2.66,2.92,
2026-03-25,Con,,16.36,18.27
2026-03-25,Grn,,17.63,17.35
2026-03-25,LD,,11.46,12.15
2026-03-25,Lab,,16.96,17.74
2026-03-25,Others,,4.38,
2026-03-25,PC,,1.02,1.10
2026-03-25,Ref,,25.37,25.53
2026-03-25,SNP,,2.82,2.69
2026-03-26,Con,17.97,17.78,18.27
2026-03-26,Grn,16.97,17.77,17.35
2026-03-26,LD,11.92,11.62,12.15
2026-03-26,Lab,18.25,17.43,17.74
2026-03-26,Others,5.11,4.72,4.96
2026-03-26,PC,1.06,1.00,1.10
2026-03-26,Ref,25.95,25.63,25.53
2026-03-26,SNP,2.65,2.58,2.69
2026-03-27,Con,,18.08,18.21
2026-03-27,Grn,,18.03,17.49
2026-03-27,LD,,11.60,11.96
2026-03-27,Lab,,16.89,17.66
2026-03-27,Others,,6.12,5.15
2026-03-27,PC,,1.00,1.12
2026-03-27,Ref,,25.03,25.40
2026-03-27,SNP,,2.78,2.81
2026-03-28,Con,17.94,18.78,
2026-03-28,Grn,17.08,18.16,
2026-03-28,LD,11.90,11.39,
2026-03-28,Lab,18.21,16.93,
2026-03-28,Others,5.18,6.20,
2026-03-28,PC,1.06,1.00,
2026-03-28,Ref,25.85,24.81,
2026-03-28,SNP,2.65,2.81,
2026-03-29,Con,,19.53,
2026-03-29,Grn,,18.22,
2026-03-29,LD,,11.09,
2026-03-29,Lab,,17.13,
2026-03-29,Others,,5.92,
2026-03-29,PC,,1.00,
2026-03-29,Ref,,24.80,
2026-03-29,SNP,,2.78,
2026-03-30,Con,17.92,20.11,18.29
2026-03-30,Grn,17.19,18.27,17.38
2026-03-30,LD,11.87,10.79,12.03
2026-03-30,Lab,18.17,17.20,17.77
2026-03-30,Others,5.26,5.69,5.01
2026-03-30,PC,1.06,1.00,1.13
2026-03-30,Ref,25.75,24.93,25.43
2026-03-30,SNP,2.65,2.76,2.80
2026-03-31,Con,,19.53,
2026-03-31,Grn,,18.40,
2026-03-31,LD,,10.55,
2026-03-31,Lab,,16.77,
2026-03-31,Others,,5.98,
2026-03-31,PC,,1.00,
2026-03-31,Ref,,25.15,
2026-03-31,SNP,,2.81,
2026-04-01,Con,,18.79,
2026-04-01,Grn,,18.53,
2026-04-01,LD,,10.36,
2026-04-01,Lab,,16.19,
2026-04-01,Others,,6.40,
2026-04-01,PC,,1.00,
2026-04-01,Ref,,25.38,
2026-04-01,SNP,,2.87,
2026-04-02,Con,17.89,18.13,18.30
2026-04-02,Grn,17.30,18.63,18.25
2026-04-02,LD,11.84,10.24,11.83
2026-04-02,Lab,18.13,15.72,17.20
2026-04-02,Others,5.34,6.76,5.12
2026-04-02,PC,1.06,1.00,1.16
2026-04-02,Ref,25.66,25.54,25.06
2026-04-02,SNP,2.65,2.93,2.75
